Plot Title: Savoy-SinkingStream,,,
#,"Date Time, GMT-05:00","Low Range, μS/cm (LGR S/N: 10559467, SEN S/N: 10559467)","Temp, °F (LGR S/N: 10559467, SEN S/N: 10559467)"
1,05/02/23 12:59:57 PM,4.1,91.74
2,05/02/23 01:00:18 PM,,
3,05/02/23 01:04:57 PM,253.4,65.01
4,05/02/23 01:09:57 PM,240.2,61.25
5,05/02/23 01:14:57 PM,239.3,61.12
6,05/02/23 01:19:57 PM,240.1,61.27
7,05/02/23 01:24:57 PM,240.5,61.5
8,05/02/23 01:29:57 PM,240.9,61.65
9,05/02/23 01:34:57 PM,241.5,61.86
10,05/02/23 01:39:57 PM,242.3,62.06
11,05/02/23 01:44:57 PM,242.6,62.17
12,05/02/23 01:49:57 PM,243.2,62.28
13,05/02/23 01:54:57 PM,243.6,62.35
14,05/02/23 01:59:57 PM,244.1,62.4
15,05/02/23 02:04:57 PM,244.4,62.51
16,05/02/23 02:09:57 PM,244.3,62.55
17,05/02/23 02:14:57 PM,244.9,62.65
18,05/02/23 02:19:57 PM,245,62.71
19,05/02/23 02:24:57 PM,245.2,62.73
20,05/02/23 02:29:57 PM,245.4,62.76
21,05/02/23 02:34:57 PM,245.5,62.8
22,05/02/23 02:39:57 PM,245.6,62.82
23,05/02/23 02:44:57 PM,245.8,62.87
24,05/02/23 02:49:57 PM,246,62.96
25,05/02/23 02:54:57 PM,246.5,63.03
26,05/02/23 02:59:57 PM,246.6,63.03
27,05/02/23 03:04:57 PM,246.9,63.09
28,05/02/23 03:09:57 PM,246.9,63.12
29,05/02/23 03:14:57 PM,247.1,63.12
30,05/02/23 03:19:57 PM,247.1,63.14
31,05/02/23 03:24:57 PM,247,63.12
32,05/02/23 03:29:57 PM,247.2,63.19
33,05/02/23 03:34:57 PM,247.2,63.16
34,05/02/23 03:39:57 PM,247.2,63.16
35,05/02/23 03:44:57 PM,247.2,63.16
36,05/02/23 03:49:57 PM,247.5,63.19
37,05/02/23 03:54:57 PM,247.5,63.19
38,05/02/23 03:59:57 PM,247.5,63.19
39,05/02/23 04:04:57 PM,247.2,63.07
40,05/02/23 04:09:57 PM,247.2,63.03
41,05/02/23 04:14:57 PM,247.1,63
42,05/02/23 04:19:57 PM,247.2,62.96
43,05/02/23 04:24:57 PM,247,62.89
44,05/02/23 04:29:57 PM,246.6,62.87
45,05/02/23 04:34:57 PM,246.8,62.82
46,05/02/23 04:39:57 PM,246.6,62.76
47,05/02/23 04:44:57 PM,246.6,62.71
48,05/02/23 04:49:57 PM,246.2,62.64
49,05/02/23 04:54:57 PM,246,62.51
50,05/02/23 04:59:57 PM,245.5,62.42
51,05/02/23 05:04:57 PM,245.5,62.35
52,05/02/23 05:09:57 PM,245.1,62.26
53,05/02/23 05:14:57 PM,244.6,62.15
54,05/02/23 05:19:57 PM,244.3,62.01
55,05/02/23 05:24:57 PM,244.1,61.86
56,05/02/23 05:29:57 PM,243.6,61.75
57,05/02/23 05:34:57 PM,243.5,61.66
58,05/02/23 05:39:57 PM,243.8,61.54
59,05/02/23 05:44:57 PM,243.1,61.41
60,05/02/23 05:49:57 PM,241.9,61.18
61,05/02/23 05:54:57 PM,242.2,61.02
62,05/02/23 05:59:57 PM,241.4,60.87
63,05/02/23 06:04:57 PM,240.7,60.71
64,05/02/23 06:09:57 PM,240.3,60.55
65,05/02/23 06:14:57 PM,239.8,60.42
66,05/02/23 06:19:57 PM,239.5,60.3
67,05/02/23 06:24:57 PM,239,60.1
68,05/02/23 06:29:57 PM,238.8,59.94
69,05/02/23 06:34:57 PM,238,59.79
70,05/02/23 06:39:57 PM,237.6,59.67
71,05/02/23 06:44:57 PM,236.9,59.54
72,05/02/23 06:49:57 PM,236.8,59.45
73,05/02/23 06:54:57 PM,237.4,59.34
74,05/02/23 06:59:57 PM,237.6,59.23
75,05/02/23 07:04:57 PM,237.2,59.16
76,05/02/23 07:09:57 PM,236.7,59.07
77,05/02/23 07:14:57 PM,236.5,58.96
78,05/02/23 07:19:57 PM,235.2,58.87
79,05/02/23 07:24:57 PM,234.9,58.75
80,05/02/23 07:29:57 PM,236.2,58.66
81,05/02/23 07:34:57 PM,234.3,58.51
82,05/02/23 07:39:57 PM,233.3,58.41
83,05/02/23 07:44:57 PM,232.8,58.26
84,05/02/23 07:49:57 PM,231.3,58.12
85,05/02/23 07:54:57 PM,231.8,57.99
86,05/02/23 07:59:57 PM,232.3,57.9
87,05/02/23 08:04:57 PM,233.7,57.76
88,05/02/23 08:09:57 PM,230.9,57.61
89,05/02/23 08:14:57 PM,230.2,57.49
90,05/02/23 08:19:57 PM,229.9,57.36
91,05/02/23 08:24:57 PM,229.3,57.27
92,05/02/23 08:29:57 PM,229.2,57.16
93,05/02/23 08:34:57 PM,229.1,57.04
94,05/02/23 08:39:57 PM,228.1,56.93
95,05/02/23 08:44:57 PM,227.5,56.8
96,05/02/23 08:49:57 PM,227,56.7
97,05/02/23 08:54:57 PM,226.8,56.57
98,05/02/23 08:59:57 PM,226.8,56.52
99,05/02/23 09:04:57 PM,226.3,56.39
100,05/02/23 09:09:57 PM,227.1,56.3
101,05/02/23 09:14:57 PM,228.8,56.19
102,05/02/23 09:19:57 PM,225.5,56.12
103,05/02/23 09:24:57 PM,225.5,55.99
104,05/02/23 09:29:57 PM,225,55.94
105,05/02/23 09:34:57 PM,224.9,55.83
106,05/02/23 09:39:57 PM,224.5,55.72
107,05/02/23 09:44:57 PM,224.4,55.65
108,05/02/23 09:49:57 PM,224.1,55.62
109,05/02/23 09:54:57 PM,223.5,55.54
110,05/02/23 09:59:57 PM,223.8,55.47
111,05/02/23 10:04:57 PM,223.4,55.38
112,05/02/23 10:09:57 PM,223.3,55.31
113,05/02/23 10:14:57 PM,223.2,55.26
114,05/02/23 10:19:57 PM,222.9,55.17
115,05/02/23 10:24:57 PM,222.8,55.09
116,05/02/23 10:29:57 PM,222.5,55.06
117,05/02/23 10:34:57 PM,222.5,54.99
118,05/02/23 10:39:57 PM,222.3,54.93
119,05/02/23 10:44:57 PM,222,54.9
120,05/02/23 10:49:57 PM,221.8,54.82
121,05/02/23 10:54:57 PM,221.7,54.81
122,05/02/23 10:59:57 PM,221.4,54.73
123,05/02/23 11:04:57 PM,221.3,54.66
124,05/02/23 11:09:57 PM,221.6,54.61
125,05/02/23 11:14:57 PM,221,54.57
126,05/02/23 11:19:57 PM,220.5,54.5
127,05/02/23 11:24:57 PM,220.6,54.45
128,05/02/23 11:29:57 PM,220.5,54.41
129,05/02/23 11:34:57 PM,220.2,54.36
130,05/02/23 11:39:57 PM,220.1,54.32
131,05/02/23 11:44:57 PM,219.8,54.28
132,05/02/23 11:49:57 PM,220.3,54.23
133,05/02/23 11:54:57 PM,219.9,54.19
134,05/02/23 11:59:57 PM,220.2,54.16
135,05/03/23 12:04:57 AM,219.7,54.09
136,05/03/23 12:09:57 AM,219.8,54.03
137,05/03/23 12:14:57 AM,220.1,54.03
138,05/03/23 12:19:57 AM,219.2,54
139,05/03/23 12:24:57 AM,219.4,53.94
140,05/03/23 12:29:57 AM,219.3,53.92
141,05/03/23 12:34:57 AM,219.2,53.87
142,05/03/23 12:39:57 AM,219.3,53.85
143,05/03/23 12:44:57 AM,218.9,53.83
144,05/03/23 12:49:57 AM,219.2,53.82
145,05/03/23 12:54:57 AM,220.3,53.78
146,05/03/23 12:59:57 AM,220.5,53.74
147,05/03/23 01:04:57 AM,220.1,53.71
148,05/03/23 01:09:57 AM,219.7,53.65
149,05/03/23 01:14:57 AM,219.9,53.65
150,05/03/23 01:19:57 AM,219.9,53.6
151,05/03/23 01:24:57 AM,220,53.58
152,05/03/23 01:29:57 AM,219.6,53.55
153,05/03/23 01:34:57 AM,217.8,53.53
154,05/03/23 01:39:57 AM,219.4,53.51
155,05/03/23 01:44:57 AM,219.1,53.44
156,05/03/23 01:49:57 AM,218.8,53.42
157,05/03/23 01:54:57 AM,219.5,53.38
158,05/03/23 01:59:57 AM,219.4,53.38
159,05/03/23 02:04:57 AM,219.2,53.37
160,05/03/23 02:09:57 AM,219.1,53.35
161,05/03/23 02:14:57 AM,219,53.33
162,05/03/23 02:19:57 AM,219.2,53.26
163,05/03/23 02:24:57 AM,218.9,53.26
164,05/03/23 02:29:57 AM,218.6,53.19
165,05/03/23 02:34:57 AM,218.6,53.17
166,05/03/23 02:39:57 AM,218.5,53.13
167,05/03/23 02:44:57 AM,218.3,53.1
168,05/03/23 02:49:57 AM,218.3,53.1
169,05/03/23 02:54:57 AM,218.3,53.04
170,05/03/23 02:59:57 AM,217.4,53.04
171,05/03/23 03:04:57 AM,217.4,53.04
172,05/03/23 03:09:57 AM,216.7,53.02
173,05/03/23 03:14:57 AM,216.9,52.97
174,05/03/23 03:19:57 AM,217.1,52.95
175,05/03/23 03:24:57 AM,216.7,52.9
176,05/03/23 03:29:57 AM,216.7,52.93
177,05/03/23 03:34:57 AM,216.5,52.86
178,05/03/23 03:39:57 AM,216.2,52.84
179,05/03/23 03:44:57 AM,215.5,52.84
180,05/03/23 03:49:57 AM,215.4,52.84
181,05/03/23 03:54:57 AM,214.9,52.81
182,05/03/23 03:59:57 AM,216.1,52.81
183,05/03/23 04:04:57 AM,214.6,52.79
184,05/03/23 04:09:57 AM,214.6,52.77
185,05/03/23 04:14:57 AM,215.2,52.74
186,05/03/23 04:19:57 AM,215.2,52.72
187,05/03/23 04:24:57 AM,215.1,52.7
188,05/03/23 04:29:57 AM,215.7,52.7
189,05/03/23 04:34:57 AM,215.6,52.68
190,05/03/23 04:39:57 AM,215.5,52.65
191,05/03/23 04:44:57 AM,215.8,52.63
192,05/03/23 04:49:57 AM,215.4,52.57
193,05/03/23 04:54:57 AM,215.1,52.56
194,05/03/23 04:59:57 AM,215.3,52.54
195,05/03/23 05:04:57 AM,215.2,52.52
196,05/03/23 05:09:57 AM,214.8,52.48
197,05/03/23 05:14:57 AM,214.8,52.47
198,05/03/23 05:19:57 AM,214.4,52.45
199,05/03/23 05:24:57 AM,214.7,52.43
200,05/03/23 05:29:57 AM,214.4,52.39
201,05/03/23 05:34:57 AM,214.5,52.36
202,05/03/23 05:39:57 AM,214.5,52.32
203,05/03/23 05:44:57 AM,214.3,52.32
204,05/03/23 05:49:57 AM,213.4,52.3
205,05/03/23 05:54:57 AM,213.6,52.29
206,05/03/23 05:59:57 AM,213.5,52.27
207,05/03/23 06:04:57 AM,213.7,52.27
208,05/03/23 06:09:57 AM,214.2,52.27
209,05/03/23 06:14:57 AM,214,52.21
210,05/03/23 06:19:57 AM,213.2,52.2
211,05/03/23 06:24:57 AM,213.7,52.2
212,05/03/23 06:29:57 AM,213.7,52.16
213,05/03/23 06:34:57 AM,213.7,52.14
214,05/03/23 06:39:57 AM,214.2,52.12
215,05/03/23 06:44:57 AM,213.3,52.11
216,05/03/23 06:49:57 AM,213.2,52.11
217,05/03/23 06:54:57 AM,212.7,52.07
218,05/03/23 06:59:57 AM,212.8,52.07
219,05/03/23 07:04:57 AM,213.1,52.11
220,05/03/23 07:09:57 AM,212.7,52.11
221,05/03/23 07:14:57 AM,212.8,52.11
222,05/03/23 07:19:57 AM,212.9,52.11
223,05/03/23 07:24:57 AM,213.4,52.12
224,05/03/23 07:29:57 AM,212.2,52.16
225,05/03/23 07:34:57 AM,212.5,52.2
226,05/03/23 07:39:57 AM,212.6,52.21
227,05/03/23 07:44:57 AM,212.4,52.27
228,05/03/23 07:49:57 AM,212.4,52.3
229,05/03/23 07:54:57 AM,212.9,52.38
230,05/03/23 07:59:57 AM,212.9,52.43
231,05/03/23 08:04:57 AM,213.2,52.48
232,05/03/23 08:09:57 AM,214.1,52.57
233,05/03/23 08:14:57 AM,213.6,52.65
234,05/03/23 08:19:57 AM,213.7,52.77
235,05/03/23 08:24:57 AM,214,52.86
236,05/03/23 08:29:57 AM,214.1,52.97
237,05/03/23 08:34:57 AM,215.1,53.1
238,05/03/23 08:39:57 AM,215.5,53.2
239,05/03/23 08:44:57 AM,216.3,53.33
240,05/03/23 08:49:57 AM,216.9,53.49
241,05/03/23 08:54:57 AM,217.7,53.69
242,05/03/23 08:59:57 AM,218.3,53.92
243,05/03/23 09:04:57 AM,218.5,54.1
244,05/03/23 09:09:57 AM,218.4,54.27
245,05/03/23 09:14:57 AM,219.6,54.5
246,05/03/23 09:19:57 AM,220.1,54.73
247,05/03/23 09:24:57 AM,221.5,54.91
248,05/03/23 09:29:57 AM,221.1,55.13
249,05/03/23 09:34:57 AM,222.4,55.31
250,05/03/23 09:39:57 AM,222.7,55.49
251,05/03/23 09:44:57 AM,223.2,55.67
252,05/03/23 09:49:57 AM,223.8,55.87
253,05/03/23 09:54:57 AM,224.2,56.03
254,05/03/23 09:59:57 AM,224.6,56.23
255,05/03/23 10:04:57 AM,225.9,56.39
256,05/03/23 10:09:57 AM,226.7,56.57
257,05/03/23 10:14:57 AM,228.1,56.71
258,05/03/23 10:19:57 AM,227.3,56.86
259,05/03/23 10:24:57 AM,228,56.97
260,05/03/23 10:29:57 AM,227.8,57.11
261,05/03/23 10:34:57 AM,227.8,57.2
262,05/03/23 10:39:57 AM,228.3,57.29
263,05/03/23 10:44:57 AM,229.7,57.38
264,05/03/23 10:49:57 AM,227.8,57.45
265,05/03/23 10:54:57 AM,229.1,57.54
266,05/03/23 10:59:57 AM,229.3,57.65
267,05/03/23 11:04:57 AM,229.6,57.74
268,05/03/23 11:09:57 AM,231.5,57.92
269,05/03/23 11:14:57 AM,230.5,58.01
270,05/03/23 11:19:57 AM,230.8,58.12
271,05/03/23 11:24:57 AM,231,58.24
272,05/03/23 11:29:57 AM,233.2,58.39
273,05/03/23 11:34:57 AM,233.7,58.57
274,05/03/23 11:39:57 AM,234.1,58.75
275,05/03/23 11:44:57 AM,234.6,58.91
276,05/03/23 11:49:57 AM,235,59.04
277,05/03/23 11:54:57 AM,235.5,59.13
278,05/03/23 11:59:57 AM,236,59.23
279,05/03/23 12:04:57 PM,236.9,59.29
280,05/03/23 12:09:57 PM,236.7,59.38
281,05/03/23 12:14:57 PM,237.3,59.49
282,05/03/23 12:19:57 PM,237.7,59.65
283,05/03/23 12:24:57 PM,238.1,59.79
284,05/03/23 12:29:57 PM,239.4,59.94
285,05/03/23 12:34:57 PM,239.1,60.06
286,05/03/23 12:39:57 PM,239.7,60.26
287,05/03/23 12:44:57 PM,240.3,60.44
288,05/03/23 12:49:57 PM,241,60.64
289,05/03/23 12:54:57 PM,241.7,60.8
290,05/03/23 12:59:57 PM,241.7,61.02
291,05/03/23 01:04:57 PM,240.6,61.2
292,05/03/23 01:09:57 PM,243.1,61.32
293,05/03/23 01:14:57 PM,243.3,61.43
294,05/03/23 01:19:57 PM,241.7,61.52
295,05/03/23 01:24:57 PM,242.3,61.7
296,05/03/23 01:29:57 PM,242.9,61.92
297,05/03/23 01:34:57 PM,243.3,62.1
298,05/03/23 01:39:57 PM,244.1,62.28
299,05/03/23 01:44:57 PM,246.4,62.38
300,05/03/23 01:49:57 PM,246.9,62.49
301,05/03/23 01:54:57 PM,247.3,62.58
302,05/03/23 01:59:57 PM,247.8,62.71
303,05/03/23 02:04:57 PM,247.4,62.64
304,05/03/23 02:09:57 PM,247.9,62.76
305,05/03/23 02:14:57 PM,248,62.83
306,05/03/23 02:19:57 PM,248.6,62.91
307,05/03/23 02:24:57 PM,248,62.92
308,05/03/23 02:29:57 PM,250,62.98
309,05/03/23 02:34:57 PM,249.5,63.05
310,05/03/23 02:39:57 PM,248.4,63.09
311,05/03/23 02:44:57 PM,248.6,63.14
312,05/03/23 02:49:57 PM,248.3,63.23
313,05/03/23 02:54:57 PM,248.1,63.3
314,05/03/23 02:59:57 PM,249.3,63.37
315,05/03/23 03:04:57 PM,250,63.41
316,05/03/23 03:09:57 PM,249.7,63.41
317,05/03/23 03:14:57 PM,251.4,63.46
318,05/03/23 03:19:57 PM,249.8,63.46
319,05/03/23 03:24:57 PM,249.4,63.48
320,05/03/23 03:29:57 PM,249,63.5
321,05/03/23 03:34:57 PM,249.3,63.54
322,05/03/23 03:39:57 PM,249.4,63.54
323,05/03/23 03:44:57 PM,249.7,63.55
324,05/03/23 03:49:57 PM,249.9,63.55
325,05/03/23 03:54:57 PM,249.5,63.5
326,05/03/23 03:59:57 PM,252.1,63.5
327,05/03/23 04:04:57 PM,249.4,63.41
328,05/03/23 04:09:57 PM,249.3,63.28
329,05/03/23 04:14:57 PM,249.1,63.16
330,05/03/23 04:19:57 PM,248.8,63.14
331,05/03/23 04:24:57 PM,248.9,63.12
332,05/03/23 04:29:57 PM,248.9,63.09
333,05/03/23 04:34:57 PM,248.9,63.07
334,05/03/23 04:39:57 PM,248.8,63
335,05/03/23 04:44:57 PM,248.7,62.92
336,05/03/23 04:49:57 PM,248.6,62.91
337,05/03/23 04:54:57 PM,250.6,62.91
338,05/03/23 04:59:57 PM,248.6,62.82
339,05/03/23 05:04:57 PM,248.3,62.8
340,05/03/23 05:09:57 PM,248.4,62.71
341,05/03/23 05:14:57 PM,248.5,62.67
342,05/03/23 05:19:57 PM,248.4,62.58
343,05/03/23 05:24:57 PM,248.1,62.49
344,05/03/23 05:29:57 PM,247.6,62.38
345,05/03/23 05:34:57 PM,247.4,62.26
346,05/03/23 05:39:57 PM,246.8,62.08
347,05/03/23 05:44:57 PM,246.4,61.86
348,05/03/23 05:49:57 PM,245.6,61.61
349,05/03/23 05:54:57 PM,245.3,61.45
350,05/03/23 05:59:57 PM,245,61.36
351,05/03/23 06:04:57 PM,244.9,61.32
352,05/03/23 06:09:57 PM,244.5,61.25
353,05/03/23 06:14:57 PM,244.1,61.11
354,05/03/23 06:19:57 PM,243.7,60.93
355,05/03/23 06:24:57 PM,244.9,60.76
356,05/03/23 06:29:57 PM,244.5,60.6
357,05/03/23 06:34:57 PM,244.2,60.51
358,05/03/23 06:39:57 PM,243.7,60.46
359,05/03/23 06:44:57 PM,243.6,60.42
360,05/03/23 06:49:57 PM,243.4,60.37
361,05/03/23 06:54:57 PM,242.8,60.3
362,05/03/23 06:59:57 PM,242.4,60.19
363,05/03/23 07:04:57 PM,241.9,60.04
364,05/03/23 07:09:57 PM,241.7,59.94
365,05/03/23 07:14:57 PM,241.1,59.79
366,05/03/23 07:19:57 PM,240.9,59.65
367,05/03/23 07:24:57 PM,240.3,59.5
368,05/03/23 07:29:57 PM,239.3,59.38
369,05/03/23 07:34:57 PM,239.2,59.23
370,05/03/23 07:39:57 PM,238.6,59.09
371,05/03/23 07:44:57 PM,238.6,59
372,05/03/23 07:49:57 PM,238.4,58.87
373,05/03/23 07:54:57 PM,238.3,58.77
374,05/03/23 07:59:57 PM,237.9,58.66
375,05/03/23 08:04:57 PM,237.3,58.55
376,05/03/23 08:09:57 PM,237,58.41
377,05/03/23 08:14:57 PM,236.7,58.28
378,05/03/23 08:19:57 PM,236.3,58.17
379,05/03/23 08:24:57 PM,235.8,58.06
380,05/03/23 08:29:57 PM,235.4,57.96
381,05/03/23 08:34:57 PM,234.9,57.9
382,05/03/23 08:39:57 PM,234.6,57.81
383,05/03/23 08:44:57 PM,234.1,57.7
384,05/03/23 08:49:57 PM,233.7,57.61
385,05/03/23 08:54:57 PM,233.7,57.52
386,05/03/23 08:59:57 PM,233.3,57.45
387,05/03/23 09:04:57 PM,238.4,57.36
388,05/03/23 09:09:57 PM,232.5,57.29
389,05/03/23 09:14:57 PM,232,57.22
390,05/03/23 09:19:57 PM,231.6,57.16
391,05/03/23 09:24:57 PM,231.5,57.09
392,05/03/23 09:29:57 PM,231.4,57.02
393,05/03/23 09:34:57 PM,231.2,57
394,05/03/23 09:39:57 PM,231,56.89
395,05/03/23 09:44:57 PM,230.5,56.84
396,05/03/23 09:49:57 PM,230.1,56.79
397,05/03/23 09:54:57 PM,229.9,56.71
398,05/03/23 09:59:57 PM,229.9,56.68
399,05/03/23 10:04:57 PM,229.5,56.62
400,05/03/23 10:09:57 PM,229.2,56.61
401,05/03/23 10:14:57 PM,229.1,56.52
402,05/03/23 10:19:57 PM,229.1,56.44
403,05/03/23 10:24:57 PM,228.8,56.39
404,05/03/23 10:29:57 PM,228.2,56.37
405,05/03/23 10:34:57 PM,228.3,56.32
406,05/03/23 10:39:57 PM,228,56.28
407,05/03/23 10:44:57 PM,227.8,56.23
408,05/03/23 10:49:57 PM,227.8,56.19
409,05/03/23 10:54:57 PM,227.7,56.16
410,05/03/23 10:59:57 PM,227.6,56.12
411,05/03/23 11:04:57 PM,227.4,56.07
412,05/03/23 11:09:57 PM,227.2,56.05
413,05/03/23 11:14:57 PM,227,55.99
414,05/03/23 11:19:57 PM,226.8,55.96
415,05/03/23 11:24:57 PM,226.6,55.9
416,05/03/23 11:29:57 PM,226.5,55.87
417,05/03/23 11:34:57 PM,226.6,55.81
418,05/03/23 11:39:57 PM,226.2,55.78
419,05/03/23 11:44:57 PM,225.7,55.72
420,05/03/23 11:49:57 PM,225.5,55.71
421,05/03/23 11:54:57 PM,225.8,55.65
422,05/03/23 11:59:57 PM,225.3,55.62
423,05/04/23 12:04:57 AM,225.1,55.56
424,05/04/23 12:09:57 AM,225,55.51
425,05/04/23 12:14:57 AM,224.8,55.47
426,05/04/23 12:19:57 AM,224.8,55.47
427,05/04/23 12:24:57 AM,224.7,55.45
428,05/04/23 12:29:57 AM,224.5,55.4
429,05/04/23 12:34:57 AM,224.6,55.38
430,05/04/23 12:39:57 AM,224.3,55.33
431,05/04/23 12:44:57 AM,224.1,55.26
432,05/04/23 12:49:57 AM,223.8,55.22
433,05/04/23 12:54:57 AM,223.9,55.17
434,05/04/23 12:59:57 AM,223.8,55.15
435,05/04/23 01:04:57 AM,223.7,55.15
436,05/04/23 01:09:57 AM,223.6,55.09
437,05/04/23 01:14:57 AM,223.1,55.08
438,05/04/23 01:19:57 AM,223.2,55.06
439,05/04/23 01:24:57 AM,223.5,55.04
440,05/04/23 01:29:57 AM,223.2,55.04
441,05/04/23 01:34:57 AM,223,54.99
442,05/04/23 01:39:57 AM,223,54.97
443,05/04/23 01:44:57 AM,222.8,54.93
444,05/04/23 01:49:57 AM,222.9,54.91
445,05/04/23 01:54:57 AM,222.6,54.9
446,05/04/23 01:59:57 AM,222.3,54.88
447,05/04/23 02:04:57 AM,222.3,54.84
448,05/04/23 02:09:57 AM,222.3,54.82
449,05/04/23 02:14:57 AM,222.2,54.81
450,05/04/23 02:19:57 AM,222.1,54.75
451,05/04/23 02:24:57 AM,222,54.72
452,05/04/23 02:29:57 AM,221.8,54.72
453,05/04/23 02:34:57 AM,222,54.72
454,05/04/23 02:39:57 AM,221.9,54.66
455,05/04/23 02:44:57 AM,221.7,54.66
456,05/04/23 02:49:57 AM,221.8,54.64
457,05/04/23 02:54:57 AM,221.5,54.61
458,05/04/23 02:59:57 AM,221.7,54.61
459,05/04/23 03:04:57 AM,221.6,54.59
460,05/04/23 03:09:57 AM,221.8,54.57
461,05/04/23 03:14:57 AM,221.6,54.55
462,05/04/23 03:19:57 AM,221.5,54.55
463,05/04/23 03:24:57 AM,221.4,54.52
464,05/04/23 03:29:57 AM,221.4,54.52
465,05/04/23 03:34:57 AM,221.5,54.5
466,05/04/23 03:39:57 AM,221.5,54.48
467,05/04/23 03:44:57 AM,221.5,54.48
468,05/04/23 03:49:57 AM,221.4,54.45
469,05/04/23 03:54:57 AM,221.2,54.43
470,05/04/23 03:59:57 AM,221.4,54.43
471,05/04/23 04:04:57 AM,221.5,54.43
472,05/04/23 04:09:57 AM,221.5,54.41
473,05/04/23 04:14:57 AM,221.5,54.41
474,05/04/23 04:19:57 AM,221.4,54.39
475,05/04/23 04:24:57 AM,221.1,54.39
476,05/04/23 04:29:57 AM,221.1,54.36
477,05/04/23 04:34:57 AM,221,54.36
478,05/04/23 04:39:57 AM,220.9,54.32
479,05/04/23 04:44:57 AM,221,54.32
480,05/04/23 04:49:57 AM,221,54.32
481,05/04/23 04:54:57 AM,221,54.32
482,05/04/23 04:59:57 AM,220.9,54.32
483,05/04/23 05:04:57 AM,220.9,54.32
484,05/04/23 05:09:57 AM,221.1,54.28
485,05/04/23 05:14:57 AM,220.9,54.32
486,05/04/23 05:19:57 AM,220.9,54.32
487,05/04/23 05:24:57 AM,221.1,54.32
488,05/04/23 05:29:57 AM,220.9,54.32
489,05/04/23 05:34:57 AM,220.9,54.28
490,05/04/23 05:39:57 AM,220.9,54.28
491,05/04/23 05:44:57 AM,220.7,54.28
492,05/04/23 05:49:57 AM,220.7,54.25
493,05/04/23 05:54:57 AM,220.7,54.23
494,05/04/23 05:59:57 AM,220.4,54.19
495,05/04/23 06:04:57 AM,220.3,54.19
496,05/04/23 06:09:57 AM,220.4,54.18
497,05/04/23 06:14:57 AM,220.4,54.18
498,05/04/23 06:19:57 AM,220.7,54.18
499,05/04/23 06:24:57 AM,220.2,54.16
500,05/04/23 06:29:57 AM,220.2,54.16
501,05/04/23 06:34:57 AM,219.9,54.16
502,05/04/23 06:39:57 AM,220.2,54.18
503,05/04/23 06:44:57 AM,220.4,54.19
504,05/04/23 06:49:57 AM,219.7,54.25
505,05/04/23 06:54:57 AM,220,54.25
506,05/04/23 06:59:57 AM,220.1,54.27
507,05/04/23 07:04:57 AM,220.1,54.28
508,05/04/23 07:09:57 AM,220.3,54.32
509,05/04/23 07:14:57 AM,220.6,54.36
510,05/04/23 07:19:57 AM,220.8,54.41
511,05/04/23 07:24:57 AM,220.5,54.45
512,05/04/23 07:29:57 AM,221,54.5
513,05/04/23 07:34:57 AM,220.7,54.57
514,05/04/23 07:39:57 AM,221.1,54.66
515,05/04/23 07:44:57 AM,221.2,54.73
516,05/04/23 07:49:57 AM,221.3,54.81
517,05/04/23 07:54:57 AM,221.6,54.88
518,05/04/23 07:59:57 AM,221.9,54.93
519,05/04/23 08:04:57 AM,222.1,55
520,05/04/23 08:09:57 AM,222.3,55.08
521,05/04/23 08:14:57 AM,222.4,55.17
522,05/04/23 08:19:57 AM,222.6,55.29
523,05/04/23 08:24:57 AM,222.7,55.38
524,05/04/23 08:29:57 AM,223.1,55.47
525,05/04/23 08:34:57 AM,223.4,55.56
526,05/04/23 08:39:57 AM,223.6,55.67
527,05/04/23 08:44:57 AM,224,55.78
528,05/04/23 08:49:57 AM,224.3,55.83
529,05/04/23 08:54:57 AM,224.5,55.94
530,05/04/23 08:59:57 AM,224.7,56.03
531,05/04/23 09:04:57 AM,224.8,56.12
532,05/04/23 09:09:57 AM,225.2,56.19
533,05/04/23 09:14:57 AM,225.6,56.26
534,05/04/23 09:19:57 AM,225.7,56.35
535,05/04/23 09:24:57 AM,226.1,56.46
536,05/04/23 09:29:57 AM,226.3,56.55
537,05/04/23 09:34:57 AM,226.4,56.62
538,05/04/23 09:39:57 AM,226.6,56.71
539,05/04/23 09:44:57 AM,226.9,56.8
540,05/04/23 09:49:57 AM,227.2,56.89
541,05/04/23 09:54:57 AM,227.5,57.04
542,05/04/23 09:59:57 AM,227.6,57.13
543,05/04/23 10:04:57 AM,227.9,57.2
544,05/04/23 10:09:57 AM,228.5,57.27
545,05/04/23 10:14:57 AM,228.6,57.36
546,05/04/23 10:19:57 AM,229,57.43
547,05/04/23 10:24:57 AM,229.2,57.51
548,05/04/23 10:29:57 AM,229.5,57.58
549,05/04/23 10:34:57 AM,229.9,57.61
550,05/04/23 10:39:57 AM,231.5,57.67
551,05/04/23 10:44:57 AM,230.6,57.7
552,05/04/23 10:49:57 AM,230.7,57.7
553,05/04/23 10:54:57 AM,231.3,57.7
554,05/04/23 10:59:57 AM,230.7,57.7
555,05/04/23 11:04:57 AM,231.1,57.7
556,05/04/23 11:09:57 AM,231,57.69
557,05/04/23 11:14:57 AM,230.9,57.67
558,05/04/23 11:19:57 AM,231,57.65
559,05/04/23 11:24:57 AM,231.1,57.65
560,05/04/23 11:29:57 AM,231.1,57.65
561,05/04/23 11:34:57 AM,231.1,57.61
562,05/04/23 11:39:57 AM,230.8,57.61
563,05/04/23 11:44:57 AM,230.9,57.61
564,05/04/23 11:49:57 AM,230.6,57.65
565,05/04/23 11:54:57 AM,230.7,57.65
566,05/04/23 11:59:57 AM,230.6,57.65
567,05/04/23 12:04:57 PM,230.7,57.61
568,05/04/23 12:09:57 PM,230.7,57.61
569,05/04/23 12:14:57 PM,230.7,57.61
570,05/04/23 12:19:57 PM,230.7,57.65
571,05/04/23 12:24:57 PM,230.7,57.65
572,05/04/23 12:29:57 PM,230.6,57.69
573,05/04/23 12:34:57 PM,230.4,57.67
574,05/04/23 12:39:57 PM,230.4,57.69
575,05/04/23 12:44:57 PM,230.4,57.69
576,05/04/23 12:49:57 PM,230.4,57.69
577,05/04/23 12:54:57 PM,230.5,57.7
578,05/04/23 12:59:57 PM,230.3,57.74
579,05/04/23 01:04:57 PM,230,57.74
580,05/04/23 01:09:57 PM,230.3,57.74
581,05/04/23 01:14:57 PM,230.1,57.74
582,05/04/23 01:19:57 PM,230.2,57.74
583,05/04/23 01:24:57 PM,230.2,57.76
584,05/04/23 01:29:57 PM,230.1,57.81
585,05/04/23 01:34:57 PM,230.3,57.83
586,05/04/23 01:39:57 PM,230.4,57.87
587,05/04/23 01:44:57 PM,230.4,57.87
588,05/04/23 01:49:57 PM,230.4,57.92
589,05/04/23 01:54:57 PM,230.5,57.92
590,05/04/23 01:59:57 PM,230.6,57.92
591,05/04/23 02:04:57 PM,230.7,57.92
592,05/04/23 02:09:57 PM,230.7,57.92
593,05/04/23 02:14:57 PM,230.8,57.92
594,05/04/23 02:19:57 PM,230.6,57.9
595,05/04/23 02:24:57 PM,230,57.87
596,05/04/23 02:29:57 PM,229,57.83
597,05/04/23 02:34:57 PM,228.3,57.81
598,05/04/23 02:39:57 PM,227.9,57.81
599,05/04/23 02:44:57 PM,227.9,57.78
600,05/04/23 02:49:57 PM,227.7,57.78
601,05/04/23 02:54:57 PM,227.3,57.78
602,05/04/23 02:59:57 PM,226.8,57.76
603,05/04/23 03:04:57 PM,225.7,57.74
604,05/04/23 03:09:57 PM,224.8,57.7
605,05/04/23 03:14:57 PM,224.2,57.7
606,05/04/23 03:19:57 PM,224.2,57.7
607,05/04/23 03:24:57 PM,224.1,57.69
608,05/04/23 03:29:57 PM,224.2,57.69
609,05/04/23 03:34:57 PM,224.2,57.69
610,05/04/23 03:39:57 PM,224.2,57.67
611,05/04/23 03:44:57 PM,223.8,57.67
612,05/04/23 03:49:57 PM,223.7,57.65
613,05/04/23 03:54:57 PM,223.3,57.67
614,05/04/23 03:59:57 PM,223,57.65
615,05/04/23 04:04:57 PM,221.7,57.65
616,05/04/23 04:09:57 PM,220.9,57.61
617,05/04/23 04:14:57 PM,220.3,57.61
618,05/04/23 04:19:57 PM,219.4,57.65
619,05/04/23 04:24:57 PM,218.8,57.65
620,05/04/23 04:29:57 PM,218.8,57.65
621,05/04/23 04:34:57 PM,218.9,57.67
622,05/04/23 04:39:57 PM,219.1,57.69
623,05/04/23 04:44:57 PM,219.4,57.7
624,05/04/23 04:49:57 PM,219.9,57.7
625,05/04/23 04:54:57 PM,220,57.7
626,05/04/23 04:59:57 PM,220.1,57.69
627,05/04/23 05:04:57 PM,219.9,57.69
628,05/04/23 05:09:57 PM,219.3,57.67
629,05/04/23 05:14:57 PM,219.4,57.67
630,05/04/23 05:19:57 PM,219.6,57.67
631,05/04/23 05:24:57 PM,219.8,57.67
632,05/04/23 05:29:57 PM,219.8,57.65
633,05/04/23 05:34:57 PM,219.8,57.65
634,05/04/23 05:39:57 PM,219.9,57.61
635,05/04/23 05:44:57 PM,220.1,57.61
636,05/04/23 05:49:57 PM,220.1,57.6
637,05/04/23 05:54:57 PM,219.6,57.58
638,05/04/23 05:59:57 PM,219.6,57.58
639,05/04/23 06:04:57 PM,219.7,57.58
640,05/04/23 06:09:57 PM,219.4,57.58
641,05/04/23 06:14:57 PM,219,57.58
642,05/04/23 06:19:57 PM,218.7,57.58
643,05/04/23 06:24:57 PM,218.9,57.58
644,05/04/23 06:29:57 PM,219.3,57.6
645,05/04/23 06:34:57 PM,219.7,57.6
646,05/04/23 06:39:57 PM,220.1,57.6
647,05/04/23 06:44:57 PM,220.5,57.6
648,05/04/23 06:49:57 PM,221,57.6
649,05/04/23 06:54:57 PM,221.1,57.58
650,05/04/23 06:59:57 PM,221.4,57.58
651,05/04/23 07:04:57 PM,222.2,57.6
652,05/04/23 07:09:57 PM,222.9,57.58
653,05/04/23 07:14:57 PM,223.4,57.58
654,05/04/23 07:19:57 PM,224,57.58
655,05/04/23 07:24:57 PM,224.6,57.54
656,05/04/23 07:29:57 PM,224.4,57.54
657,05/04/23 07:34:57 PM,225.5,57.52
658,05/04/23 07:39:57 PM,225.9,57.52
659,05/04/23 07:44:57 PM,225.9,57.52
660,05/04/23 07:49:57 PM,225.6,57.52
661,05/04/23 07:54:57 PM,225.2,57.52
662,05/04/23 07:59:57 PM,225.7,57.51
663,05/04/23 08:04:57 PM,225.7,57.51
664,05/04/23 08:09:57 PM,226.9,57.51
665,05/04/23 08:14:57 PM,226.6,57.49
666,05/04/23 08:19:57 PM,226.8,57.49
667,05/04/23 08:24:57 PM,226.4,57.49
668,05/04/23 08:29:57 PM,226.6,57.45
669,05/04/23 08:34:57 PM,227.5,57.45
670,05/04/23 08:39:57 PM,227.7,57.45
671,05/04/23 08:44:57 PM,227.5,57.45
672,05/04/23 08:49:57 PM,227.6,57.45
673,05/04/23 08:54:57 PM,228.2,57.43
674,05/04/23 08:59:57 PM,228.6,57.43
675,05/04/23 09:04:57 PM,228.6,57.43
676,05/04/23 09:09:57 PM,228.9,57.45
677,05/04/23 09:14:57 PM,229.2,57.43
678,05/04/23 09:19:57 PM,229.7,57.43
679,05/04/23 09:24:57 PM,229.7,57.45
680,05/04/23 09:29:57 PM,230.2,57.45
681,05/04/23 09:34:57 PM,230.2,57.45
682,05/04/23 09:39:57 PM,230.4,57.43
683,05/04/23 09:44:57 PM,230.4,57.45
684,05/04/23 09:49:57 PM,230.5,57.45
685,05/04/23 09:54:57 PM,230.7,57.45
686,05/04/23 09:59:57 PM,230.8,57.45
687,05/04/23 10:04:57 PM,230.8,57.49
688,05/04/23 10:09:57 PM,230.8,57.49
689,05/04/23 10:14:57 PM,230.9,57.49
690,05/04/23 10:19:57 PM,230.9,57.51
691,05/04/23 10:24:57 PM,231.1,57.51
692,05/04/23 10:29:57 PM,230.8,57.49
693,05/04/23 10:34:57 PM,231.1,57.51
694,05/04/23 10:39:57 PM,231.4,57.51
695,05/04/23 10:44:57 PM,231,57.51
696,05/04/23 10:49:57 PM,231.1,57.51
697,05/04/23 10:54:57 PM,231,57.51
698,05/04/23 10:59:57 PM,231.4,57.51
699,05/04/23 11:04:57 PM,231.1,57.51
700,05/04/23 11:09:57 PM,231.1,57.49
701,05/04/23 11:14:57 PM,231.3,57.49
702,05/04/23 11:19:57 PM,231,57.43
703,05/04/23 11:24:57 PM,231,57.38
704,05/04/23 11:29:57 PM,230.9,57.34
705,05/04/23 11:34:57 PM,230.8,57.33
706,05/04/23 11:39:57 PM,230.6,57.29
707,05/04/23 11:44:57 PM,230.5,57.29
708,05/04/23 11:49:57 PM,230.5,57.27
709,05/04/23 11:54:57 PM,230.6,57.29
710,05/04/23 11:59:57 PM,230.5,57.29
711,05/05/23 12:04:57 AM,230.3,57.29
712,05/05/23 12:09:57 AM,230.6,57.29
713,05/05/23 12:14:57 AM,231.1,57.29
714,05/05/23 12:19:57 AM,230.6,57.27
715,05/05/23 12:24:57 AM,230.5,57.25
716,05/05/23 12:29:57 AM,230.3,57.25
717,05/05/23 12:34:57 AM,230.3,57.22
718,05/05/23 12:39:57 AM,230.3,57.22
719,05/05/23 12:44:57 AM,230.1,57.2
720,05/05/23 12:49:57 AM,230,57.18
721,05/05/23 12:54:57 AM,230,57.16
722,05/05/23 12:59:57 AM,230,57.13
723,05/05/23 01:04:57 AM,230.1,57.11
724,05/05/23 01:09:57 AM,230.1,57.09
725,05/05/23 01:14:57 AM,229.8,57.06
726,05/05/23 01:19:57 AM,229.4,57.04
727,05/05/23 01:24:57 AM,229.4,57
728,05/05/23 01:29:57 AM,229.2,56.97
729,05/05/23 01:34:57 AM,229.1,56.93
730,05/05/23 01:39:57 AM,229,56.89
731,05/05/23 01:44:57 AM,228.9,56.88
732,05/05/23 01:49:57 AM,228.7,56.84
733,05/05/23 01:54:57 AM,228.9,56.8
734,05/05/23 01:59:57 AM,228.6,56.79
735,05/05/23 02:04:57 AM,228.6,56.79
736,05/05/23 02:09:57 AM,228.7,56.79
737,05/05/23 02:14:57 AM,228.6,56.79
738,05/05/23 02:19:57 AM,228.8,56.8
739,05/05/23 02:24:57 AM,228.8,56.8
740,05/05/23 02:29:57 AM,228.7,56.84
741,05/05/23 02:34:57 AM,229,56.86
742,05/05/23 02:39:57 AM,228.6,56.84
743,05/05/23 02:44:57 AM,229.2,56.84
744,05/05/23 02:49:57 AM,229,56.84
745,05/05/23 02:54:57 AM,228.9,56.8
746,05/05/23 02:59:57 AM,229.8,56.8
747,05/05/23 03:04:57 AM,229.3,56.8
748,05/05/23 03:09:57 AM,229.2,56.84
749,05/05/23 03:14:57 AM,229.9,56.84
750,05/05/23 03:19:57 AM,230.4,56.84
751,05/05/23 03:24:57 AM,229.7,56.86
752,05/05/23 03:29:57 AM,229.5,56.86
753,05/05/23 03:34:57 AM,229.5,56.86
754,05/05/23 03:39:57 AM,229.2,56.86
755,05/05/23 03:44:57 AM,229.5,56.86
756,05/05/23 03:49:57 AM,229.6,56.84
757,05/05/23 03:54:57 AM,229.8,56.8
758,05/05/23 03:59:57 AM,228.9,56.79
759,05/05/23 04:04:57 AM,230.8,56.77
760,05/05/23 04:09:57 AM,230.1,56.71
761,05/05/23 04:14:57 AM,229.4,56.68
762,05/05/23 04:19:57 AM,228.7,56.62
763,05/05/23 04:24:57 AM,228.5,56.61
764,05/05/23 04:29:57 AM,228.6,56.57
765,05/05/23 04:34:57 AM,228.5,56.53
766,05/05/23 04:39:57 AM,228.4,56.52
767,05/05/23 04:44:57 AM,227.8,56.46
768,05/05/23 04:49:57 AM,228.3,56.44
769,05/05/23 04:54:57 AM,227.5,56.43
770,05/05/23 04:59:57 AM,228.3,56.39
771,05/05/23 05:04:57 AM,228,56.35
772,05/05/23 05:09:57 AM,228.2,56.32
773,05/05/23 05:14:57 AM,228.1,56.28
774,05/05/23 05:19:57 AM,227.7,56.28
775,05/05/23 05:24:57 AM,227.9,56.26
776,05/05/23 05:29:57 AM,227.8,56.23
777,05/05/23 05:34:57 AM,227.6,56.23
778,05/05/23 05:39:57 AM,227.6,56.26
779,05/05/23 05:44:57 AM,227.9,56.3
780,05/05/23 05:49:57 AM,228.3,56.3
781,05/05/23 05:54:57 AM,228.2,56.35
782,05/05/23 05:59:57 AM,228.1,56.37
783,05/05/23 06:04:57 AM,228.7,56.43
784,05/05/23 06:09:57 AM,229.1,56.43
785,05/05/23 06:14:57 AM,228.8,56.44
786,05/05/23 06:19:57 AM,228.7,56.46
787,05/05/23 06:24:57 AM,228.6,56.46
788,05/05/23 06:29:57 AM,228.1,56.48
789,05/05/23 06:34:57 AM,228.5,56.48
790,05/05/23 06:39:57 AM,228.3,56.52
791,05/05/23 06:44:57 AM,228.5,56.55
792,05/05/23 06:49:57 AM,228.2,56.55
793,05/05/23 06:54:57 AM,228.4,56.61
794,05/05/23 06:59:57 AM,228.6,56.62
795,05/05/23 07:04:57 AM,228.5,56.64
796,05/05/23 07:09:57 AM,228.4,56.68
797,05/05/23 07:14:57 AM,228.6,56.71
798,05/05/23 07:19:57 AM,228.7,56.73
799,05/05/23 07:24:57 AM,229.9,56.79
800,05/05/23 07:29:57 AM,230.4,56.84
801,05/05/23 07:34:57 AM,230.3,56.88
802,05/05/23 07:39:57 AM,230.2,56.93
803,05/05/23 07:44:57 AM,230.5,56.97
804,05/05/23 07:49:57 AM,230.5,56.97
805,05/05/23 07:54:57 AM,230.2,56.97
806,05/05/23 07:59:57 AM,230.3,57.02
807,05/05/23 08:04:57 AM,230.5,57.09
808,05/05/23 08:09:57 AM,230.7,57.13
809,05/05/23 08:14:57 AM,230.6,57.22
810,05/05/23 08:19:57 AM,230.9,57.27
811,05/05/23 08:24:57 AM,231.3,57.29
812,05/05/23 08:29:57 AM,230.2,57.29
813,05/05/23 08:34:57 AM,230.3,57.33
814,05/05/23 08:39:57 AM,230.3,57.36
815,05/05/23 08:44:57 AM,230.9,57.43
816,05/05/23 08:49:57 AM,231.1,57.54
817,05/05/23 08:54:57 AM,231.1,57.65
818,05/05/23 08:59:57 AM,231.5,57.76
819,05/05/23 09:04:57 AM,231.3,57.83
820,05/05/23 09:09:57 AM,231.8,57.9
821,05/05/23 09:14:57 AM,232.3,57.94
822,05/05/23 09:19:57 AM,232.7,58.03
823,05/05/23 09:24:57 AM,232.2,58.1
824,05/05/23 09:29:57 AM,232.3,58.19
825,05/05/23 09:34:57 AM,232.6,58.33
826,05/05/23 09:39:57 AM,233.3,58.59
827,05/05/23 09:44:57 AM,234,58.82
828,05/05/23 09:49:57 AM,234.5,58.96
829,05/05/23 09:54:57 AM,236,59.05
830,05/05/23 09:59:57 AM,236,59.13
831,05/05/23 10:04:57 AM,236,59.23
832,05/05/23 10:09:57 AM,236.6,59.31
833,05/05/23 10:14:57 AM,236.9,59.45
834,05/05/23 10:19:57 AM,236.4,59.56
835,05/05/23 10:24:57 AM,236,59.65
836,05/05/23 10:29:57 AM,236.3,59.72
837,05/05/23 10:34:57 AM,236.6,59.74
838,05/05/23 10:39:57 AM,236.8,59.79
839,05/05/23 10:44:57 AM,236.9,59.81
840,05/05/23 10:49:57 AM,238.5,59.81
841,05/05/23 10:54:57 AM,238.2,59.81
842,05/05/23 10:59:57 AM,238.2,59.9
843,05/05/23 11:04:57 AM,238.1,59.99
844,05/05/23 11:09:57 AM,238.5,60.13
845,05/05/23 11:14:57 AM,238.9,60.22
846,05/05/23 11:19:57 AM,238.9,60.28
847,05/05/23 11:24:57 AM,238.9,60.3
848,05/05/23 11:29:57 AM,239,60.37
849,05/05/23 11:34:57 AM,239.8,60.46
850,05/05/23 11:39:57 AM,240.3,60.57
851,05/05/23 11:44:57 AM,240.6,60.69
852,05/05/23 11:49:57 AM,241.3,60.78
853,05/05/23 11:54:57 AM,241.6,60.87
854,05/05/23 11:59:57 AM,240.9,60.96
855,05/05/23 12:04:57 PM,241.5,61.03
856,05/05/23 12:09:57 PM,240.7,61.11
857,05/05/23 12:14:57 PM,241,61.12
858,05/05/23 12:19:57 PM,241.1,61.2
859,05/05/23 12:24:57 PM,241.2,61.27
860,05/05/23 12:29:57 PM,241.3,61.25
861,05/05/23 12:34:57 PM,241.6,61.21
862,05/05/23 12:39:57 PM,241.6,61.18
863,05/05/23 12:44:57 PM,241.4,61.12
864,05/05/23 12:49:57 PM,241.4,61.09
865,05/05/23 12:54:57 PM,241.8,61.03
866,05/05/23 12:59:57 PM,242.3,61.02
867,05/05/23 01:04:57 PM,241.5,61
868,05/05/23 01:09:57 PM,241.7,60.96
869,05/05/23 01:14:57 PM,242.1,60.87
870,05/05/23 01:19:57 PM,242.2,60.84
871,05/05/23 01:24:57 PM,241.4,60.8
872,05/05/23 01:29:57 PM,241.4,60.76
873,05/05/23 01:34:57 PM,242,60.73
874,05/05/23 01:39:57 PM,241.5,60.71
875,05/05/23 01:44:57 PM,241.9,60.71
876,05/05/23 01:49:57 PM,241.9,60.73
877,05/05/23 01:54:57 PM,241.8,60.78
878,05/05/23 01:59:57 PM,241.1,60.87
879,05/05/23 02:04:57 PM,241.8,60.87
880,05/05/23 02:09:57 PM,241.5,60.89
881,05/05/23 02:14:57 PM,241.8,60.89
882,05/05/23 02:19:57 PM,241.9,60.94
883,05/05/23 02:24:57 PM,242,61
884,05/05/23 02:29:57 PM,242,61.02
885,05/05/23 02:34:57 PM,241.9,61
886,05/05/23 02:39:57 PM,242,60.94
887,05/05/23 02:44:57 PM,242.2,61
888,05/05/23 02:49:57 PM,241.9,61.02
889,05/05/23 02:54:57 PM,243.1,61.02
890,05/05/23 02:59:57 PM,242.7,61.02
891,05/05/23 03:04:57 PM,241.8,60.96
892,05/05/23 03:09:57 PM,241.7,60.96
893,05/05/23 03:14:57 PM,242.2,61.05
894,05/05/23 03:19:57 PM,242,61.2
895,05/05/23 03:24:57 PM,242.2,61.29
896,05/05/23 03:29:57 PM,242.2,61.34
897,05/05/23 03:34:57 PM,242,61.29
898,05/05/23 03:39:57 PM,242.2,61.25
899,05/05/23 03:44:57 PM,242.3,61.18
900,05/05/23 03:49:57 PM,242.6,61.18
901,05/05/23 03:54:57 PM,242.4,61.25
902,05/05/23 03:59:57 PM,242.3,61.36
903,05/05/23 04:04:57 PM,242.4,61.45
904,05/05/23 04:09:57 PM,242.6,61.57
905,05/05/23 04:14:57 PM,242.8,61.59
906,05/05/23 04:19:57 PM,243.2,61.7
907,05/05/23 04:24:57 PM,243.4,61.77
908,05/05/23 04:29:57 PM,243.8,61.84
909,05/05/23 04:34:57 PM,244.3,62.1
910,05/05/23 04:39:57 PM,244.2,62.17
911,05/05/23 04:44:57 PM,244.8,62.33
912,05/05/23 04:49:57 PM,244.9,62.33
913,05/05/23 04:54:57 PM,245.7,62.71
914,05/05/23 04:59:57 PM,246.4,62.91
915,05/05/23 05:04:57 PM,246.5,62.87
916,05/05/23 05:09:57 PM,246.2,62.71
917,05/05/23 05:14:57 PM,246,62.58
918,05/05/23 05:19:57 PM,246.1,62.55
919,05/05/23 05:24:57 PM,246,62.55
920,05/05/23 05:29:57 PM,245.9,62.44
921,05/05/23 05:34:57 PM,246,62.42
922,05/05/23 05:39:57 PM,245.7,62.4
923,05/05/23 05:44:57 PM,246.1,62.31
924,05/05/23 05:49:57 PM,245.7,62.19
925,05/05/23 05:54:57 PM,245.6,62.08
926,05/05/23 05:59:57 PM,245.1,62.01
927,05/05/23 06:04:57 PM,244.8,61.92
928,05/05/23 06:09:57 PM,244.7,61.86
929,05/05/23 06:14:57 PM,244.8,61.81
930,05/05/23 06:19:57 PM,244.5,61.66
931,05/05/23 06:24:57 PM,244.3,61.54
932,05/05/23 06:29:57 PM,244,61.43
933,05/05/23 06:34:57 PM,243.7,61.29
934,05/05/23 06:39:57 PM,243.5,61.21
935,05/05/23 06:44:57 PM,243.4,61.11
936,05/05/23 06:49:57 PM,243.2,61.03
937,05/05/23 06:54:57 PM,242.7,60.94
938,05/05/23 06:59:57 PM,242.8,60.85
939,05/05/23 07:04:57 PM,242.1,60.76
940,05/05/23 07:09:57 PM,243.4,60.67
941,05/05/23 07:14:57 PM,242,60.6
942,05/05/23 07:19:57 PM,242.2,60.51
943,05/05/23 07:24:57 PM,241.6,60.44
944,05/05/23 07:29:57 PM,240.7,60.37
945,05/05/23 07:34:57 PM,241.3,60.3
946,05/05/23 07:39:57 PM,241.3,60.26
947,05/05/23 07:44:57 PM,241.2,60.19
948,05/05/23 07:49:57 PM,240.3,60.12
949,05/05/23 07:54:57 PM,239.8,60.06
950,05/05/23 07:59:57 PM,239.6,59.99
951,05/05/23 08:04:57 PM,239.2,59.94
952,05/05/23 08:09:57 PM,239.4,59.88
953,05/05/23 08:14:57 PM,239.1,59.83
954,05/05/23 08:19:57 PM,239.6,59.79
955,05/05/23 08:24:57 PM,238.8,59.74
956,05/05/23 08:29:57 PM,238.7,59.7
957,05/05/23 08:34:57 PM,239.3,59.65
958,05/05/23 08:39:57 PM,238.5,59.58
959,05/05/23 08:44:57 PM,238.4,59.56
960,05/05/23 08:49:57 PM,237.9,59.5
961,05/05/23 08:54:57 PM,238.1,59.47
962,05/05/23 08:59:57 PM,237.9,59.41
963,05/05/23 09:04:57 PM,237.5,59.34
964,05/05/23 09:09:57 PM,237.2,59.31
965,05/05/23 09:14:57 PM,237.1,59.25
966,05/05/23 09:19:57 PM,237.1,59.22
967,05/05/23 09:24:57 PM,236.8,59.2
968,05/05/23 09:29:57 PM,236.6,59.13
969,05/05/23 09:34:57 PM,236.8,59.09
970,05/05/23 09:39:57 PM,236.1,59.07
971,05/05/23 09:44:57 PM,236.1,59.04
972,05/05/23 09:49:57 PM,236.1,58.98
973,05/05/23 09:54:57 PM,235.9,58.93
974,05/05/23 09:59:57 PM,235.7,58.89
975,05/05/23 10:04:57 PM,235.5,58.87
976,05/05/23 10:09:57 PM,235.5,58.89
977,05/05/23 10:14:57 PM,235.5,58.87
978,05/05/23 10:19:57 PM,235.4,58.87
979,05/05/23 10:24:57 PM,235.7,58.87
980,05/05/23 10:29:57 PM,235.5,58.87
981,05/05/23 10:34:57 PM,235.3,58.87
982,05/05/23 10:39:57 PM,235.5,58.87
983,05/05/23 10:44:57 PM,235.5,58.87
984,05/05/23 10:49:57 PM,235.5,58.87
985,05/05/23 10:54:57 PM,235.8,58.87
986,05/05/23 10:59:57 PM,235.6,58.89
987,05/05/23 11:04:57 PM,235.7,58.93
988,05/05/23 11:09:57 PM,235.5,58.93
989,05/05/23 11:14:57 PM,235.7,58.98
990,05/05/23 11:19:57 PM,235.7,59
991,05/05/23 11:24:57 PM,235.9,59.05
992,05/05/23 11:29:57 PM,235.8,59.09
993,05/05/23 11:34:57 PM,236,59.09
994,05/05/23 11:39:57 PM,236,59.13
995,05/05/23 11:44:57 PM,236.1,59.13
996,05/05/23 11:49:57 PM,236,59.13
997,05/05/23 11:54:57 PM,235.7,59.14
998,05/05/23 11:59:57 PM,236,59.14
999,05/06/23 12:04:57 AM,236,59.13
1000,05/06/23 12:09:57 AM,236,59.14
1001,05/06/23 12:14:57 AM,236.2,59.14
1002,05/06/23 12:19:57 AM,236.4,59.14
1003,05/06/23 12:24:57 AM,236.3,59.14
1004,05/06/23 12:29:57 AM,235.8,59.16
1005,05/06/23 12:34:57 AM,235.7,59.16
1006,05/06/23 12:39:57 AM,236.5,59.2
1007,05/06/23 12:44:57 AM,236.6,59.22
1008,05/06/23 12:49:57 AM,236.4,59.22
1009,05/06/23 12:54:57 AM,237.1,59.25
1010,05/06/23 12:59:57 AM,237.5,59.31
1011,05/06/23 01:04:57 AM,237.1,59.32
1012,05/06/23 01:09:57 AM,237.3,59.4
1013,05/06/23 01:14:57 AM,236.9,59.4
1014,05/06/23 01:19:57 AM,236.9,59.4
1015,05/06/23 01:24:57 AM,237.1,59.41
1016,05/06/23 01:29:57 AM,237,59.4
1017,05/06/23 01:34:57 AM,237,59.4
1018,05/06/23 01:39:57 AM,237,59.4
1019,05/06/23 01:44:57 AM,236.8,59.38
1020,05/06/23 01:49:57 AM,237,59.4
1021,05/06/23 01:54:57 AM,236.8,59.38
1022,05/06/23 01:59:57 AM,236.9,59.34
1023,05/06/23 02:04:57 AM,236.9,59.34
1024,05/06/23 02:09:57 AM,236.8,59.31
1025,05/06/23 02:14:57 AM,236.6,59.25
1026,05/06/23 02:19:57 AM,236.6,59.23
1027,05/06/23 02:24:57 AM,236.5,59.2
1028,05/06/23 02:29:57 AM,236.4,59.16
1029,05/06/23 02:34:57 AM,236.4,59.13
1030,05/06/23 02:39:57 AM,236.3,59.09
1031,05/06/23 02:44:57 AM,236.2,59.05
1032,05/06/23 02:49:57 AM,236.1,59.07
1033,05/06/23 02:54:57 AM,236.1,59.05
1034,05/06/23 02:59:57 AM,236.1,59.05
1035,05/06/23 03:04:57 AM,236.1,59.07
1036,05/06/23 03:09:57 AM,236,59.05
1037,05/06/23 03:14:57 AM,236.1,59.04
1038,05/06/23 03:19:57 AM,236.1,59.05
1039,05/06/23 03:24:57 AM,236,59.09
1040,05/06/23 03:29:57 AM,236.2,59.07
1041,05/06/23 03:34:57 AM,236,59.07
1042,05/06/23 03:39:57 AM,236.1,59.07
1043,05/06/23 03:44:57 AM,236.2,59.07
1044,05/06/23 03:49:57 AM,236.2,59.07
1045,05/06/23 03:54:57 AM,236.2,59.07
1046,05/06/23 03:59:57 AM,236.2,59.09
1047,05/06/23 04:04:57 AM,236.2,59.09
1048,05/06/23 04:09:57 AM,236.2,59.13
1049,05/06/23 04:14:57 AM,236.3,59.14
1050,05/06/23 04:19:57 AM,236.3,59.14
1051,05/06/23 04:24:57 AM,236.3,59.13
1052,05/06/23 04:29:57 AM,236,59.07
1053,05/06/23 04:34:57 AM,235.7,59.04
1054,05/06/23 04:39:57 AM,235.7,58.98
1055,05/06/23 04:44:57 AM,235.4,58.93
1056,05/06/23 04:49:57 AM,235.4,58.91
1057,05/06/23 04:54:57 AM,235.2,58.89
1058,05/06/23 04:59:57 AM,235,58.87
1059,05/06/23 05:04:57 AM,234.9,58.84
1060,05/06/23 05:09:57 AM,234.9,58.82
1061,05/06/23 05:14:57 AM,235.5,58.82
1062,05/06/23 05:19:57 AM,234.7,58.8
1063,05/06/23 05:24:57 AM,234.8,58.75
1064,05/06/23 05:29:57 AM,234.7,58.75
1065,05/06/23 05:34:57 AM,234.9,58.73
1066,05/06/23 05:39:57 AM,234.6,58.75
1067,05/06/23 05:44:57 AM,234.6,58.73
1068,05/06/23 05:49:57 AM,234.5,58.73
1069,05/06/23 05:54:57 AM,234.5,58.73
1070,05/06/23 05:59:57 AM,234.6,58.71
1071,05/06/23 06:04:57 AM,234.7,58.73
1072,05/06/23 06:09:57 AM,234.6,58.71
1073,05/06/23 06:14:57 AM,234.7,58.71
1074,05/06/23 06:19:57 AM,234.7,58.75
1075,05/06/23 06:24:57 AM,234.6,58.75
1076,05/06/23 06:29:57 AM,234.6,58.73
1077,05/06/23 06:34:57 AM,234.9,58.75
1078,05/06/23 06:39:57 AM,234.9,58.77
1079,05/06/23 06:44:57 AM,234.8,58.77
1080,05/06/23 06:49:57 AM,234.8,58.77
1081,05/06/23 06:54:57 AM,234.8,58.77
1082,05/06/23 06:59:57 AM,234.9,58.8
1083,05/06/23 07:04:57 AM,234.9,58.82
1084,05/06/23 07:09:57 AM,235.2,58.89
1085,05/06/23 07:14:57 AM,235.2,58.93
1086,05/06/23 07:19:57 AM,235.3,59
1087,05/06/23 07:24:57 AM,235.5,59.09
1088,05/06/23 07:29:57 AM,235.8,59.16
1089,05/06/23 07:34:57 AM,236,59.23
1090,05/06/23 07:39:57 AM,235.6,59.31
1091,05/06/23 07:44:57 AM,236.2,59.34
1092,05/06/23 07:49:57 AM,236,59.38
1093,05/06/23 07:54:57 AM,236.2,59.38
1094,05/06/23 07:59:57 AM,236.4,59.41
1095,05/06/23 08:04:57 AM,236.6,59.54
1096,05/06/23 08:09:57 AM,236.7,59.63
1097,05/06/23 08:14:57 AM,236.8,59.7
1098,05/06/23 08:19:57 AM,237.4,59.79
1099,05/06/23 08:24:57 AM,237.4,59.9
1100,05/06/23 08:29:57 AM,237.7,59.97
1101,05/06/23 08:34:57 AM,237.7,60.04
1102,05/06/23 08:39:57 AM,238,60.19
1103,05/06/23 08:44:57 AM,238.4,60.35
1104,05/06/23 08:49:57 AM,239.1,60.51
1105,05/06/23 08:54:57 AM,239.6,60.57
1106,05/06/23 08:59:57 AM,239.8,60.6
1107,05/06/23 09:04:57 AM,239.9,60.6
1108,05/06/23 09:09:57 AM,239.9,60.57
1109,05/06/23 09:14:57 AM,239.9,60.6
1110,05/06/23 09:19:57 AM,240.6,60.71
1111,05/06/23 09:24:57 AM,240.2,60.84
1112,05/06/23 09:29:57 AM,240.8,60.96
1113,05/06/23 09:34:57 AM,241.1,61
1114,05/06/23 09:39:57 AM,241,61.12
1115,05/06/23 09:44:57 AM,242,61.25
1116,05/06/23 09:49:57 AM,242.1,61.36
1117,05/06/23 09:54:57 AM,242.6,61.45
1118,05/06/23 09:59:57 AM,242.9,61.57
1119,05/06/23 10:04:57 AM,243.3,61.75
1120,05/06/23 10:09:57 AM,243.8,61.9
1121,05/06/23 10:14:57 AM,244.3,62.01
1122,05/06/23 10:19:57 AM,244.7,62.17
1123,05/06/23 10:24:57 AM,245.1,62.28
1124,05/06/23 10:29:57 AM,245.5,62.4
1125,05/06/23 10:34:57 AM,245.4,62.42
1126,05/06/23 10:39:57 AM,246,62.51
1127,05/06/23 10:44:57 AM,246.2,62.58
1128,05/06/23 10:49:57 AM,246.4,62.58
1129,05/06/23 10:54:57 AM,246.8,62.67
1130,05/06/23 10:59:57 AM,247.1,62.74
1131,05/06/23 11:04:57 AM,247.5,62.87
1132,05/06/23 11:09:57 AM,247.8,62.98
1133,05/06/23 11:14:57 AM,248.2,63.09
1134,05/06/23 11:19:57 AM,247.8,63.16
1135,05/06/23 11:24:57 AM,248.8,63.28
1136,05/06/23 11:29:57 AM,249.5,63.45
1137,05/06/23 11:34:57 AM,250.2,63.55
1138,05/06/23 11:39:57 AM,251.9,63.7
1139,05/06/23 11:44:57 AM,254.2,63.79
1140,05/06/23 11:49:57 AM,259.4,63.86
1141,05/06/23 11:54:57 AM,259.6,64.11
1142,05/06/23 11:59:57 AM,260.2,64.2
1143,05/06/23 12:04:57 PM,260.7,64.36
1144,05/06/23 12:09:57 PM,260.7,64.42
1145,05/06/23 12:14:57 PM,262,64.72
1146,05/06/23 12:19:57 PM,263.5,64.83
1147,05/06/23 12:24:57 PM,262.8,64.94
1148,05/06/23 12:29:57 PM,262.3,65.03
1149,05/06/23 12:34:57 PM,261.1,65.28
1150,05/06/23 12:39:57 PM,260.6,65.44
1151,05/06/23 12:44:57 PM,260.7,65.61
1152,05/06/23 12:49:57 PM,260.8,65.84
1153,05/06/23 12:54:57 PM,260.9,66.02
1154,05/06/23 12:59:57 PM,261.4,66.25
1155,05/06/23 01:04:57 PM,261.7,66.47
1156,05/06/23 01:09:57 PM,262.2,66.67
1157,05/06/23 01:14:57 PM,262.7,66.87
1158,05/06/23 01:19:57 PM,263,67.08
1159,05/06/23 01:24:57 PM,263.3,67.28
1160,05/06/23 01:29:57 PM,263.7,67.33
1161,05/06/23 01:34:57 PM,263.4,67.23
1162,05/06/23 01:39:57 PM,263.6,67.37
1163,05/06/23 01:44:57 PM,264.1,67.53
1164,05/06/23 01:49:57 PM,264.3,67.6
1165,05/06/23 01:54:57 PM,265.4,67.82
1166,05/06/23 01:59:57 PM,265.7,67.93
1167,05/06/23 02:04:57 PM,265.8,68.04
1168,05/06/23 02:09:57 PM,266.3,68.14
1169,05/06/23 02:14:57 PM,266.4,68.22
1170,05/06/23 02:19:57 PM,266.2,68.2
1171,05/06/23 02:24:57 PM,266.3,68.22
1172,05/06/23 02:29:57 PM,266.4,68.2
1173,05/06/23 02:34:57 PM,266.5,68.2
1174,05/06/23 02:39:57 PM,266.7,68.25
1175,05/06/23 02:44:57 PM,266.8,68.25
1176,05/06/23 02:49:57 PM,267,68.29
1177,05/06/23 02:54:57 PM,267.3,68.38
1178,05/06/23 02:59:57 PM,267.3,68.45
1179,05/06/23 03:04:57 PM,267.5,68.52
1180,05/06/23 03:09:57 PM,267.6,68.56
1181,05/06/23 03:14:57 PM,267.7,68.63
1182,05/06/23 03:19:57 PM,267.7,68.61
1183,05/06/23 03:24:57 PM,268,68.61
1184,05/06/23 03:29:57 PM,268.3,68.67
1185,05/06/23 03:34:57 PM,268.1,68.68
1186,05/06/23 03:39:57 PM,268.3,68.72
1187,05/06/23 03:44:57 PM,268.3,68.72
1188,05/06/23 03:49:57 PM,268.3,68.72
1189,05/06/23 03:54:57 PM,268.8,68.72
1190,05/06/23 03:59:57 PM,268.9,68.72
1191,05/06/23 04:04:57 PM,268.8,68.63
1192,05/06/23 04:09:57 PM,268.7,68.63
1193,05/06/23 04:14:57 PM,268.7,68.59
1194,05/06/23 04:19:57 PM,268.4,68.56
1195,05/06/23 04:24:57 PM,268.4,68.52
1196,05/06/23 04:29:57 PM,268.3,68.47
1197,05/06/23 04:34:57 PM,268.5,68.47
1198,05/06/23 04:39:57 PM,268.2,68.43
1199,05/06/23 04:44:57 PM,268,68.38
1200,05/06/23 04:49:57 PM,267.6,68.27
1201,05/06/23 04:54:57 PM,267.1,68.14
1202,05/06/23 04:59:57 PM,266.7,68.02
1203,05/06/23 05:04:57 PM,266.5,67.89
1204,05/06/23 05:09:57 PM,266,67.78
1205,05/06/23 05:14:57 PM,265.7,67.69
1206,05/06/23 05:19:57 PM,264.9,67.48
1207,05/06/23 05:24:57 PM,264.4,67.21
1208,05/06/23 05:29:57 PM,264.1,67.12
1209,05/06/23 05:34:57 PM,263.9,67.05
1210,05/06/23 05:39:57 PM,263.6,66.96
1211,05/06/23 05:44:57 PM,263.4,66.88
1212,05/06/23 05:49:57 PM,262.9,66.81
1213,05/06/23 05:54:57 PM,262.5,66.67
1214,05/06/23 05:59:57 PM,262.3,66.51
1215,05/06/23 06:04:57 PM,262.1,66.38
1216,05/06/23 06:09:57 PM,261.8,66.24
1217,05/06/23 06:14:57 PM,261.3,66.09
1218,05/06/23 06:19:57 PM,260.8,65.93
1219,05/06/23 06:24:57 PM,260.2,65.73
1220,05/06/23 06:29:57 PM,259.7,65.61
1221,05/06/23 06:34:57 PM,259.4,65.44
1222,05/06/23 06:39:57 PM,259.2,65.35
1223,05/06/23 06:44:57 PM,258.8,65.17
1224,05/06/23 06:49:57 PM,258.2,65.03
1225,05/06/23 06:54:57 PM,257.5,64.87
1226,05/06/23 06:59:57 PM,257.2,64.71
1227,05/06/23 07:04:57 PM,256.7,64.56
1228,05/06/23 07:09:57 PM,256.2,64.42
1229,05/06/23 07:14:57 PM,255.9,64.29
1230,05/06/23 07:19:57 PM,255.3,64.13
1231,05/06/23 07:24:57 PM,254.5,63.95
1232,05/06/23 07:29:57 PM,253.9,63.73
1233,05/06/23 07:34:57 PM,253.4,63.57
1234,05/06/23 07:39:57 PM,252.9,63.39
1235,05/06/23 07:44:57 PM,252.3,63.25
1236,05/06/23 07:49:57 PM,251.9,63.07
1237,05/06/23 07:54:57 PM,251.7,62.92
1238,05/06/23 07:59:57 PM,251,62.82
1239,05/06/23 08:04:57 PM,250.7,62.65
1240,05/06/23 08:09:57 PM,250.4,62.51
1241,05/06/23 08:14:57 PM,249.4,62.38
1242,05/06/23 08:19:57 PM,248.9,62.26
1243,05/06/23 08:24:57 PM,248.6,62.11
1244,05/06/23 08:29:57 PM,248.5,62.01
1245,05/06/23 08:34:57 PM,248.2,61.9
1246,05/06/23 08:39:57 PM,247.6,61.81
1247,05/06/23 08:44:57 PM,247.3,61.68
1248,05/06/23 08:49:57 PM,246.9,61.59
1249,05/06/23 08:54:57 PM,246.6,61.52
1250,05/06/23 08:59:57 PM,246,61.45
1251,05/06/23 09:04:57 PM,245.8,61.36
1252,05/06/23 09:09:57 PM,245.5,61.32
1253,05/06/23 09:14:57 PM,245.4,61.25
1254,05/06/23 09:19:57 PM,245.2,61.18
1255,05/06/23 09:24:57 PM,244.9,61.09
1256,05/06/23 09:29:57 PM,244.7,61.03
1257,05/06/23 09:34:57 PM,244.3,60.96
1258,05/06/23 09:39:57 PM,243.9,60.93
1259,05/06/23 09:44:57 PM,243.7,60.87
1260,05/06/23 09:49:57 PM,243.7,60.84
1261,05/06/23 09:54:57 PM,243.5,60.8
1262,05/06/23 09:59:57 PM,243.4,60.76
1263,05/06/23 10:04:57 PM,243.4,60.73
1264,05/06/23 10:09:57 PM,243.1,60.69
1265,05/06/23 10:14:57 PM,243,60.67
1266,05/06/23 10:19:57 PM,242.9,60.64
1267,05/06/23 10:24:57 PM,242.8,60.64
1268,05/06/23 10:29:57 PM,242.7,60.62
1269,05/06/23 10:34:57 PM,242.6,60.6
1270,05/06/23 10:39:57 PM,242.5,60.57
1271,05/06/23 10:44:57 PM,242.5,60.57
1272,05/06/23 10:49:57 PM,242.3,60.55
1273,05/06/23 10:54:57 PM,242.3,60.55
1274,05/06/23 10:59:57 PM,242.4,60.55
1275,05/06/23 11:04:57 PM,242.3,60.53
1276,05/06/23 11:09:57 PM,242.3,60.53
1277,05/06/23 11:14:57 PM,242.1,60.51
1278,05/06/23 11:19:57 PM,242.1,60.48
1279,05/06/23 11:24:57 PM,242,60.46
1280,05/06/23 11:29:57 PM,242,60.44
1281,05/06/23 11:34:57 PM,242,60.42
1282,05/06/23 11:39:57 PM,241.9,60.39
1283,05/06/23 11:44:57 PM,241.8,60.37
1284,05/06/23 11:49:57 PM,241.8,60.37
1285,05/06/23 11:54:57 PM,241.7,60.37
1286,05/06/23 11:59:57 PM,241.7,60.39
1287,05/07/23 12:04:57 AM,241.9,60.37
1288,05/07/23 12:09:57 AM,243.1,60.39
1289,05/07/23 12:14:57 AM,241.7,60.39
1290,05/07/23 12:19:57 AM,241.4,60.39
1291,05/07/23 12:24:57 AM,241.4,60.39
1292,05/07/23 12:29:57 AM,241.4,60.37
1293,05/07/23 12:34:57 AM,241.5,60.37
1294,05/07/23 12:39:57 AM,241.4,60.37
1295,05/07/23 12:44:57 AM,241.4,60.35
1296,05/07/23 12:49:57 AM,241.5,60.35
1297,05/07/23 12:54:57 AM,241.5,60.35
1298,05/07/23 12:59:57 AM,241.4,60.35
1299,05/07/23 01:04:57 AM,241.4,60.37
1300,05/07/23 01:09:57 AM,241.4,60.39
1301,05/07/23 01:14:57 AM,241.3,60.42
1302,05/07/23 01:19:57 AM,241.7,60.46
1303,05/07/23 01:24:57 AM,241.6,60.46
1304,05/07/23 01:29:57 AM,241.7,60.51
1305,05/07/23 01:34:57 AM,241.7,60.51
1306,05/07/23 01:39:57 AM,241.9,60.53
1307,05/07/23 01:44:57 AM,241.8,60.53
1308,05/07/23 01:49:57 AM,242,60.51
1309,05/07/23 01:54:57 AM,241.7,60.53
1310,05/07/23 01:59:57 AM,241.9,60.57
1311,05/07/23 02:04:57 AM,241.9,60.6
1312,05/07/23 02:09:57 AM,241.7,60.6
1313,05/07/23 02:14:57 AM,241.9,60.6
1314,05/07/23 02:19:57 AM,242,60.6
1315,05/07/23 02:24:57 AM,242,60.6
1316,05/07/23 02:29:57 AM,241.8,60.6
1317,05/07/23 02:34:57 AM,242,60.57
1318,05/07/23 02:39:57 AM,241.9,60.55
1319,05/07/23 02:44:57 AM,241.9,60.53
1320,05/07/23 02:49:57 AM,241.9,60.48
1321,05/07/23 02:54:57 AM,242.1,60.44
1322,05/07/23 02:59:57 AM,241.8,60.42
1323,05/07/23 03:04:57 AM,241.7,60.39
1324,05/07/23 03:09:57 AM,241.6,60.35
1325,05/07/23 03:14:57 AM,241.7,60.31
1326,05/07/23 03:19:57 AM,241.5,60.3
1327,05/07/23 03:24:57 AM,241.6,60.3
1328,05/07/23 03:29:57 AM,241.5,60.3
1329,05/07/23 03:34:57 AM,241.5,60.31
1330,05/07/23 03:39:57 AM,241.2,60.35
1331,05/07/23 03:44:57 AM,241.2,60.31
1332,05/07/23 03:49:57 AM,241.2,60.3
1333,05/07/23 03:54:57 AM,240.9,60.26
1334,05/07/23 03:59:57 AM,240.9,60.22
1335,05/07/23 04:04:57 AM,240.9,60.21
1336,05/07/23 04:09:57 AM,240.7,60.21
1337,05/07/23 04:14:57 AM,240.6,60.21
1338,05/07/23 04:19:57 AM,240.7,60.19
1339,05/07/23 04:24:57 AM,240.8,60.15
1340,05/07/23 04:29:57 AM,244.3,60.12
1341,05/07/23 04:34:57 AM,241.6,60.1
1342,05/07/23 04:39:57 AM,241.1,60.06
1343,05/07/23 04:44:57 AM,240.8,60.04
1344,05/07/23 04:49:57 AM,240.4,60.03
1345,05/07/23 04:54:57 AM,240.2,60.03
1346,05/07/23 04:59:57 AM,240.1,59.97
1347,05/07/23 05:04:57 AM,240,59.97
1348,05/07/23 05:09:57 AM,239.8,59.95
1349,05/07/23 05:14:57 AM,239.7,59.95
1350,05/07/23 05:19:57 AM,239.8,59.95
1351,05/07/23 05:24:57 AM,239.7,59.95
1352,05/07/23 05:29:57 AM,239.9,59.95
1353,05/07/23 05:34:57 AM,239.6,59.95
1354,05/07/23 05:39:57 AM,239.5,59.95
1355,05/07/23 05:44:57 AM,239.3,59.95
1356,05/07/23 05:49:57 AM,239.5,59.94
1357,05/07/23 05:54:57 AM,239.6,59.94
1358,05/07/23 05:59:57 AM,239.6,59.9
1359,05/07/23 06:04:57 AM,239.6,59.86
1360,05/07/23 06:09:57 AM,239.5,59.83
1361,05/07/23 06:14:57 AM,239.6,59.81
1362,05/07/23 06:19:57 AM,239.6,59.81
1363,05/07/23 06:24:57 AM,239.5,59.77
1364,05/07/23 06:29:57 AM,239.2,59.74
1365,05/07/23 06:34:57 AM,239.2,59.72
1366,05/07/23 06:39:57 AM,239,59.7
1367,05/07/23 06:44:57 AM,239.2,59.65
1368,05/07/23 06:49:57 AM,239.2,59.65
1369,05/07/23 06:54:57 AM,239.1,59.61
1370,05/07/23 06:59:57 AM,239,59.56
1371,05/07/23 07:04:57 AM,238.9,59.56
1372,05/07/23 07:09:57 AM,238.6,59.5
1373,05/07/23 07:14:57 AM,238.5,59.49
1374,05/07/23 07:19:57 AM,238.5,59.47
1375,05/07/23 07:24:57 AM,238.4,59.45
1376,05/07/23 07:29:57 AM,238.5,59.45
1377,05/07/23 07:34:57 AM,238.4,59.41
1378,05/07/23 07:39:57 AM,238.4,59.41
1379,05/07/23 07:44:57 AM,238.3,59.41
1380,05/07/23 07:49:57 AM,238.3,59.41
1381,05/07/23 07:54:57 AM,238.3,59.41
1382,05/07/23 07:59:57 AM,238.3,59.41
1383,05/07/23 08:04:57 AM,238.4,59.41
1384,05/07/23 08:09:57 AM,238.2,59.45
1385,05/07/23 08:14:57 AM,238.4,59.45
1386,05/07/23 08:19:57 AM,238.4,59.47
1387,05/07/23 08:24:57 AM,238.4,59.49
1388,05/07/23 08:29:57 AM,238.4,59.5
1389,05/07/23 08:34:57 AM,238.6,59.56
1390,05/07/23 08:39:57 AM,238.7,59.61
1391,05/07/23 08:44:57 AM,238.8,59.7
1392,05/07/23 08:49:57 AM,239.2,59.79
1393,05/07/23 08:54:57 AM,239.7,59.9
1394,05/07/23 08:59:57 AM,239.8,60.03
1395,05/07/23 09:04:57 AM,240.1,60.1
1396,05/07/23 09:09:57 AM,240.2,60.19
1397,05/07/23 09:14:57 AM,240.5,60.31
1398,05/07/23 09:19:57 AM,240.8,60.44
1399,05/07/23 09:24:57 AM,241,60.53
1400,05/07/23 09:29:57 AM,241.2,60.6
1401,05/07/23 09:34:57 AM,241.8,60.73
1402,05/07/23 09:39:57 AM,241.8,60.85
1403,05/07/23 09:44:57 AM,242.4,61
1404,05/07/23 09:49:57 AM,242.5,61.09
1405,05/07/23 09:54:57 AM,243.1,61.21
1406,05/07/23 09:59:57 AM,263.4,61.48
1407,05/07/23 10:04:57 AM,245.2,61.54
1408,05/07/23 10:09:57 AM,243,61.57
1409,05/07/23 10:14:57 AM,243.7,61.59
1410,05/07/23 10:19:57 AM,243,61.57
1411,05/07/23 10:24:57 AM,243,61.54
1412,05/07/23 10:29:57 AM,243.2,61.57
1413,05/07/23 10:34:57 AM,243.4,61.66
1414,05/07/23 10:39:57 AM,243.6,61.65
1415,05/07/23 10:44:57 AM,243.8,61.68
1416,05/07/23 10:49:57 AM,244,61.77
1417,05/07/23 10:54:57 AM,244.4,61.92
1418,05/07/23 10:59:57 AM,244.7,62.01
1419,05/07/23 11:04:57 AM,245.4,62.26
1420,05/07/23 11:09:57 AM,246,62.44
1421,05/07/23 11:14:57 AM,246.3,62.6
1422,05/07/23 11:19:57 AM,246.8,62.76
1423,05/07/23 11:24:57 AM,247.3,62.92
1424,05/07/23 11:29:57 AM,247.9,63.07
1425,05/07/23 11:34:57 AM,248.3,63.16
1426,05/07/23 11:39:57 AM,248.7,63.32
1427,05/07/23 11:44:57 AM,249.3,63.46
1428,05/07/23 11:49:57 AM,249.8,63.63
1429,05/07/23 11:54:57 AM,250.2,63.81
1430,05/07/23 11:59:57 AM,251.1,63.97
1431,05/07/23 12:04:57 PM,251.7,64.2
1432,05/07/23 12:09:57 PM,252.4,64.47
1433,05/07/23 12:14:57 PM,253.1,64.67
1434,05/07/23 12:19:57 PM,253.3,64.67
1435,05/07/23 12:24:57 PM,253.2,64.56
1436,05/07/23 12:29:57 PM,253.2,64.53
1437,05/07/23 12:34:57 PM,253.1,64.54
1438,05/07/23 12:39:57 PM,252.8,64.45
1439,05/07/23 12:44:57 PM,252.6,64.36
1440,05/07/23 12:49:57 PM,252.5,64.29
1441,05/07/23 12:54:57 PM,252.3,64.27
1442,05/07/23 12:59:57 PM,252.6,64.35
1443,05/07/23 01:04:57 PM,252.8,64.38
1444,05/07/23 01:09:57 PM,253.1,64.42
1445,05/07/23 01:14:57 PM,253.1,64.36
1446,05/07/23 01:19:57 PM,253.4,64.51
1447,05/07/23 01:24:57 PM,253.8,64.62
1448,05/07/23 01:29:57 PM,254,64.8
1449,05/07/23 01:34:57 PM,254.8,65.01
1450,05/07/23 01:39:57 PM,255.5,65.19
1451,05/07/23 01:44:57 PM,255.4,65.1
1452,05/07/23 01:49:57 PM,255.7,65.17
1453,05/07/23 01:54:57 PM,256.9,65.59
1454,05/07/23 01:59:57 PM,257.7,65.86
1455,05/07/23 02:04:57 PM,257.6,65.77
1456,05/07/23 02:09:57 PM,257.8,65.73
1457,05/07/23 02:14:57 PM,257.2,65.57
1458,05/07/23 02:19:57 PM,256.9,65.43
1459,05/07/23 02:24:57 PM,256.9,65.37
1460,05/07/23 02:29:57 PM,257.4,65.61
1461,05/07/23 02:34:57 PM,258.1,65.82
1462,05/07/23 02:39:57 PM,258.1,65.93
1463,05/07/23 02:44:57 PM,258,65.95
1464,05/07/23 02:49:57 PM,258.3,66.06
1465,05/07/23 02:54:57 PM,258.3,66.02
1466,05/07/23 02:59:57 PM,258.8,65.86
1467,05/07/23 03:04:57 PM,257.7,65.68
1468,05/07/23 03:09:57 PM,258.1,65.77
1469,05/07/23 03:14:57 PM,258.5,65.86
1470,05/07/23 03:19:57 PM,257.7,65.68
1471,05/07/23 03:24:57 PM,257.7,65.66
1472,05/07/23 03:29:57 PM,258.8,65.93
1473,05/07/23 03:34:57 PM,258.7,65.86
1474,05/07/23 03:39:57 PM,258.4,65.75
1475,05/07/23 03:44:57 PM,258.3,65.66
1476,05/07/23 03:49:57 PM,258.3,65.66
1477,05/07/23 03:54:57 PM,258.3,65.68
1478,05/07/23 03:59:57 PM,258.1,65.7
1479,05/07/23 04:04:57 PM,258.3,65.84
1480,05/07/23 04:09:57 PM,258.7,66.02
1481,05/07/23 04:14:57 PM,259.5,66.22
1482,05/07/23 04:19:57 PM,259.2,66.16
1483,05/07/23 04:24:57 PM,259.5,66.22
1484,05/07/23 04:29:57 PM,259.7,66.25
1485,05/07/23 04:34:57 PM,259.8,66.31
1486,05/07/23 04:39:57 PM,259.4,66.16
1487,05/07/23 04:44:57 PM,259.3,65.98
1488,05/07/23 04:49:57 PM,258.8,65.84
1489,05/07/23 04:54:57 PM,258.6,65.75
1490,05/07/23 04:59:57 PM,258.3,65.68
1491,05/07/23 05:04:57 PM,258,65.53
1492,05/07/23 05:09:57 PM,257.5,65.41
1493,05/07/23 05:14:57 PM,257.2,65.28
1494,05/07/23 05:19:57 PM,257,65.16
1495,05/07/23 05:24:57 PM,256.6,65.03
1496,05/07/23 05:29:57 PM,256.5,64.92
1497,05/07/23 05:34:57 PM,256.5,64.83
1498,05/07/23 05:39:57 PM,256.4,64.8
1499,05/07/23 05:44:57 PM,256.4,64.83
1500,05/07/23 05:49:57 PM,256.4,64.87
1501,05/07/23 05:54:57 PM,256,64.83
1502,05/07/23 05:59:57 PM,256,64.8
1503,05/07/23 06:04:57 PM,255.7,64.71
1504,05/07/23 06:09:57 PM,255.7,64.62
1505,05/07/23 06:14:57 PM,255.4,64.53
1506,05/07/23 06:19:57 PM,255.3,64.45
1507,05/07/23 06:24:57 PM,255,64.44
1508,05/07/23 06:29:57 PM,254.9,64.36
1509,05/07/23 06:34:57 PM,254.7,64.27
1510,05/07/23 06:39:57 PM,254.4,64.18
1511,05/07/23 06:44:57 PM,254.2,64.18
1512,05/07/23 06:49:57 PM,253.8,64.04
1513,05/07/23 06:54:57 PM,254.2,63.93
1514,05/07/23 06:59:57 PM,253.2,63.73
1515,05/07/23 07:04:57 PM,252.8,63.61
1516,05/07/23 07:09:57 PM,252.5,63.48
1517,05/07/23 07:14:57 PM,252.2,63.41
1518,05/07/23 07:19:57 PM,252,63.32
1519,05/07/23 07:24:57 PM,251.8,63.25
1520,05/07/23 07:29:57 PM,251.7,63.21
1521,05/07/23 07:34:57 PM,251.3,63.14
1522,05/07/23 07:39:57 PM,251.1,63.05
1523,05/07/23 07:44:57 PM,250.7,62.92
1524,05/07/23 07:49:57 PM,250.6,62.82
1525,05/07/23 07:54:57 PM,250.3,62.73
1526,05/07/23 07:59:57 PM,249.9,62.58
1527,05/07/23 08:04:57 PM,249.6,62.47
1528,05/07/23 08:09:57 PM,249.3,62.35
1529,05/07/23 08:14:57 PM,248.9,62.22
1530,05/07/23 08:19:57 PM,248.6,62.15
1531,05/07/23 08:24:57 PM,248.3,62.06
1532,05/07/23 08:29:57 PM,247.9,61.95
1533,05/07/23 08:34:57 PM,247.5,61.86
1534,05/07/23 08:39:57 PM,247.1,61.74
1535,05/07/23 08:44:57 PM,246.8,61.65
1536,05/07/23 08:49:57 PM,246.6,61.54
1537,05/07/23 08:54:57 PM,246.5,61.45
1538,05/07/23 08:59:57 PM,246.2,61.34
1539,05/07/23 09:04:57 PM,246,61.29
1540,05/07/23 09:09:57 PM,245.6,61.2
1541,05/07/23 09:14:57 PM,245.2,61.16
1542,05/07/23 09:19:57 PM,245.1,61.09
1543,05/07/23 09:24:57 PM,244.9,61.02
1544,05/07/23 09:29:57 PM,244.7,60.94
1545,05/07/23 09:34:57 PM,244.4,60.89
1546,05/07/23 09:39:57 PM,244.4,60.85
1547,05/07/23 09:44:57 PM,244.4,60.8
1548,05/07/23 09:49:57 PM,244.5,60.76
1549,05/07/23 09:54:57 PM,244.3,60.73
1550,05/07/23 09:59:57 PM,244.2,60.71
1551,05/07/23 10:04:57 PM,244.4,60.67
1552,05/07/23 10:09:57 PM,243.9,60.62
1553,05/07/23 10:14:57 PM,243.8,60.6
1554,05/07/23 10:19:57 PM,243.9,60.57
1555,05/07/23 10:24:57 PM,243.4,60.53
1556,05/07/23 10:29:57 PM,243.6,60.51
1557,05/07/23 10:34:57 PM,243.3,60.48
1558,05/07/23 10:39:57 PM,243.3,60.44
1559,05/07/23 10:44:57 PM,243.1,60.42
1560,05/07/23 10:49:57 PM,243,60.39
1561,05/07/23 10:54:57 PM,242.9,60.39
1562,05/07/23 10:59:57 PM,242.7,60.37
1563,05/07/23 11:04:57 PM,242.7,60.37
1564,05/07/23 11:09:57 PM,243,60.44
1565,05/07/23 11:14:57 PM,242.9,60.39
1566,05/07/23 11:19:57 PM,243,60.42
1567,05/07/23 11:24:57 PM,243,60.44
1568,05/07/23 11:29:57 PM,242.9,60.46
1569,05/07/23 11:34:57 PM,242.9,60.48
1570,05/07/23 11:39:57 PM,242.9,60.48
1571,05/07/23 11:44:57 PM,243.1,60.55
1572,05/07/23 11:49:57 PM,243.1,60.55
1573,05/07/23 11:54:57 PM,243.2,60.57
1574,05/07/23 11:59:57 PM,243.2,60.6
1575,05/08/23 12:04:57 AM,243.2,60.62
1576,05/08/23 12:09:57 AM,243.3,60.64
1577,05/08/23 12:14:57 AM,243.6,60.67
1578,05/08/23 12:19:57 AM,243.6,60.71
1579,05/08/23 12:24:57 AM,243.3,60.73
1580,05/08/23 12:29:57 AM,243.1,60.76
1581,05/08/23 12:34:57 AM,243.2,60.78
1582,05/08/23 12:39:57 AM,243.3,60.8
1583,05/08/23 12:44:57 AM,243.4,60.8
1584,05/08/23 12:49:57 AM,243.4,60.84
1585,05/08/23 12:54:57 AM,243.5,60.85
1586,05/08/23 12:59:57 AM,243.7,60.87
1587,05/08/23 01:04:57 AM,243.8,60.89
1588,05/08/23 01:09:57 AM,244,60.93
1589,05/08/23 01:14:57 AM,244.1,60.89
1590,05/08/23 01:19:57 AM,244.1,60.93
1591,05/08/23 01:24:57 AM,244.1,60.94
1592,05/08/23 01:29:57 AM,244.2,60.96
1593,05/08/23 01:34:57 AM,244.3,61
1594,05/08/23 01:39:57 AM,244.3,61.02
1595,05/08/23 01:44:57 AM,244.1,61.03
1596,05/08/23 01:49:57 AM,244.3,61.03
1597,05/08/23 01:54:57 AM,244.3,61.02
1598,05/08/23 01:59:57 AM,244.3,61.02
1599,05/08/23 02:04:57 AM,244.5,61.03
1600,05/08/23 02:09:57 AM,245.2,61.03
1601,05/08/23 02:14:57 AM,244.6,61.02
1602,05/08/23 02:19:57 AM,244.7,61.03
1603,05/08/23 02:24:57 AM,244.7,61.02
1604,05/08/23 02:29:57 AM,244.9,61.03
1605,05/08/23 02:34:57 AM,244.9,61.03
1606,05/08/23 02:39:57 AM,244.6,61.02
1607,05/08/23 02:44:57 AM,244.6,60.96
1608,05/08/23 02:49:57 AM,244.2,60.93
1609,05/08/23 02:54:57 AM,244.4,60.93
1610,05/08/23 02:59:57 AM,244.4,60.89
1611,05/08/23 03:04:57 AM,244.4,60.93
1612,05/08/23 03:09:57 AM,244,60.87
1613,05/08/23 03:14:57 AM,243.8,60.84
1614,05/08/23 03:19:57 AM,243.9,60.78
1615,05/08/23 03:24:57 AM,243.8,60.71
1616,05/08/23 03:29:57 AM,243.8,60.69
1617,05/08/23 03:34:57 AM,243.9,60.64
1618,05/08/23 03:39:57 AM,243.7,60.64
1619,05/08/23 03:44:57 AM,243.9,60.67
1620,05/08/23 03:49:57 AM,243.6,60.57
1621,05/08/23 03:54:57 AM,243.4,60.55
1622,05/08/23 03:59:57 AM,243.2,60.55
1623,05/08/23 04:04:57 AM,243,60.53
1624,05/08/23 04:09:57 AM,242.7,60.48
1625,05/08/23 04:14:57 AM,242.6,60.42
1626,05/08/23 04:19:57 AM,242.6,60.35
1627,05/08/23 04:24:57 AM,242.6,60.3
1628,05/08/23 04:29:57 AM,242.4,60.22
1629,05/08/23 04:34:57 AM,242.2,60.21
1630,05/08/23 04:39:57 AM,242.2,60.13
1631,05/08/23 04:44:57 AM,242.2,60.12
1632,05/08/23 04:49:57 AM,242.3,60.06
1633,05/08/23 04:54:57 AM,242.1,60.03
1634,05/08/23 04:59:57 AM,242,59.97
1635,05/08/23 05:04:57 AM,241.7,59.95
1636,05/08/23 05:09:57 AM,241.9,59.9
1637,05/08/23 05:14:57 AM,241.7,59.88
1638,05/08/23 05:19:57 AM,241.8,59.83
1639,05/08/23 05:24:57 AM,241.8,59.79
1640,05/08/23 05:29:57 AM,241.8,59.79
1641,05/08/23 05:34:57 AM,241.6,59.77
1642,05/08/23 05:39:57 AM,241.5,59.72
1643,05/08/23 05:44:57 AM,241.3,59.7
1644,05/08/23 05:49:57 AM,241.1,59.67
1645,05/08/23 05:54:57 AM,241,59.63
1646,05/08/23 05:59:57 AM,240.9,59.61
1647,05/08/23 06:04:57 AM,240.6,59.56
1648,05/08/23 06:09:57 AM,240.6,59.54
1649,05/08/23 06:14:57 AM,240.5,59.5
1650,05/08/23 06:19:57 AM,240.3,59.49
1651,05/08/23 06:24:57 AM,240.2,59.49
1652,05/08/23 06:29:57 AM,240.1,59.47
1653,05/08/23 06:34:57 AM,240,59.49
1654,05/08/23 06:39:57 AM,240,59.49
1655,05/08/23 06:44:57 AM,240,59.49
1656,05/08/23 06:49:57 AM,240,59.49
1657,05/08/23 06:54:57 AM,240,59.5
1658,05/08/23 06:59:57 AM,239.9,59.5
1659,05/08/23 07:04:57 AM,239.8,59.5
1660,05/08/23 07:09:57 AM,239.8,59.5
1661,05/08/23 07:14:57 AM,239.8,59.5
1662,05/08/23 07:19:57 AM,239.8,59.5
1663,05/08/23 07:24:57 AM,239.9,59.54
1664,05/08/23 07:29:57 AM,240,59.54
1665,05/08/23 07:34:57 AM,239.7,59.54
1666,05/08/23 07:39:57 AM,239.7,59.54
1667,05/08/23 07:44:57 AM,239.7,59.54
1668,05/08/23 07:49:57 AM,239.9,59.54
1669,05/08/23 07:54:57 AM,239.9,59.56
1670,05/08/23 07:59:57 AM,240,59.56
1671,05/08/23 08:04:57 AM,240.3,59.56
1672,05/08/23 08:09:57 AM,239.8,59.61
1673,05/08/23 08:14:57 AM,239.7,59.63
1674,05/08/23 08:19:57 AM,239.8,59.67
1675,05/08/23 08:24:57 AM,239.9,59.74
1676,05/08/23 08:29:57 AM,239.9,59.77
1677,05/08/23 08:34:57 AM,240.1,59.83
1678,05/08/23 08:39:57 AM,240.8,59.9
1679,05/08/23 08:44:57 AM,240.9,60.03
1680,05/08/23 08:49:57 AM,241.2,60.15
1681,05/08/23 08:54:57 AM,241.7,60.3
1682,05/08/23 08:59:57 AM,242,60.44
1683,05/08/23 09:04:57 AM,242.3,60.57
1684,05/08/23 09:09:57 AM,242.9,60.67
1685,05/08/23 09:14:57 AM,242.8,60.84
1686,05/08/23 09:19:57 AM,243.6,60.96
1687,05/08/23 09:24:57 AM,243.9,61.05
1688,05/08/23 09:29:57 AM,244.4,61.2
1689,05/08/23 09:34:57 AM,244.4,61.32
1690,05/08/23 09:39:57 AM,244.8,61.5
1691,05/08/23 09:44:57 AM,245.1,61.57
1692,05/08/23 09:49:57 AM,244.9,61.66
1693,05/08/23 09:54:57 AM,245.3,61.75
1694,05/08/23 09:59:57 AM,245.7,61.9
1695,05/08/23 10:04:57 AM,246,61.95
1696,05/08/23 10:09:57 AM,246.5,62.15
1697,05/08/23 10:14:57 AM,246.9,62.24
1698,05/08/23 10:19:57 AM,247.3,62.44
1699,05/08/23 10:24:57 AM,247.6,62.6
1700,05/08/23 10:29:57 AM,248.1,62.76
1701,05/08/23 10:34:57 AM,248.1,62.82
1702,05/08/23 10:39:57 AM,248.7,62.92
1703,05/08/23 10:44:57 AM,249.5,63.05
1704,05/08/23 10:49:57 AM,249.7,63.09
1705,05/08/23 10:54:57 AM,249.8,63.21
1706,05/08/23 10:59:57 AM,250.3,63.32
1707,05/08/23 11:04:57 AM,250.7,63.45
1708,05/08/23 11:09:57 AM,250.9,63.46
1709,05/08/23 11:14:57 AM,251.1,63.48
1710,05/08/23 11:19:57 AM,251.1,63.54
1711,05/08/23 11:24:57 AM,251.5,63.61
1712,05/08/23 11:29:57 AM,251.7,63.64
1713,05/08/23 11:34:57 AM,251.8,63.66
1714,05/08/23 11:39:57 AM,252.1,63.77
1715,05/08/23 11:44:57 AM,252.4,63.82
1716,05/08/23 11:49:57 AM,253,63.99
1717,05/08/23 11:54:57 AM,253.2,64.13
1718,05/08/23 11:59:57 AM,253.6,64.27
1719,05/08/23 12:04:57 PM,254.2,64.44
1720,05/08/23 12:09:57 PM,254.7,64.6
1721,05/08/23 12:14:57 PM,255,64.76
1722,05/08/23 12:19:57 PM,255.1,64.85
1723,05/08/23 12:24:57 PM,255.1,64.87
1724,05/08/23 12:29:57 PM,255.2,64.94
1725,05/08/23 12:34:57 PM,255.6,65.05
1726,05/08/23 12:39:57 PM,256.2,65.17
1727,05/08/23 12:44:57 PM,256.2,65.32
1728,05/08/23 12:49:57 PM,256.5,65.35
1729,05/08/23 12:54:57 PM,256.8,65.41
1730,05/08/23 12:59:57 PM,257.8,65.43
1731,05/08/23 01:04:57 PM,257.3,65.5
1732,05/08/23 01:09:57 PM,257.3,65.59
1733,05/08/23 01:14:57 PM,258,65.77
1734,05/08/23 01:19:57 PM,258.2,65.86
1735,05/08/23 01:24:57 PM,258.1,65.89
1736,05/08/23 01:29:57 PM,257.9,65.77
1737,05/08/23 01:34:57 PM,258,65.7
1738,05/08/23 01:39:57 PM,258.2,65.7
1739,05/08/23 01:44:57 PM,259.3,66
1740,05/08/23 01:49:57 PM,259.9,66.16
1741,05/08/23 01:54:57 PM,260.6,66.31
1742,05/08/23 01:59:57 PM,260.2,66.24
1743,05/08/23 02:04:57 PM,261.1,66.47
1744,05/08/23 02:09:57 PM,261.7,66.56
1745,05/08/23 02:14:57 PM,261.6,66.58
1746,05/08/23 02:19:57 PM,262.2,66.7
1747,05/08/23 02:24:57 PM,262.5,66.83
1748,05/08/23 02:29:57 PM,262.5,66.83
1749,05/08/23 02:34:57 PM,263.3,66.99
1750,05/08/23 02:39:57 PM,263.4,67.08
1751,05/08/23 02:44:57 PM,264,67.24
1752,05/08/23 02:49:57 PM,264.3,67.39
1753,05/08/23 02:54:57 PM,264.9,67.53
1754,05/08/23 02:59:57 PM,265.4,67.64
1755,05/08/23 03:04:57 PM,265.4,67.71
1756,05/08/23 03:09:57 PM,266.6,67.8
1757,05/08/23 03:14:57 PM,266.5,67.87
1758,05/08/23 03:19:57 PM,266.6,67.93
1759,05/08/23 03:24:57 PM,266.7,67.89
1760,05/08/23 03:29:57 PM,267.3,67.98
1761,05/08/23 03:34:57 PM,267.4,68.05
1762,05/08/23 03:39:57 PM,267.9,68.14
1763,05/08/23 03:44:57 PM,267.7,68.18
1764,05/08/23 03:49:57 PM,267.7,68.2
1765,05/08/23 03:54:57 PM,267.8,68.18
1766,05/08/23 03:59:57 PM,267.9,68.14
1767,05/08/23 04:04:57 PM,267.8,68.04
1768,05/08/23 04:09:57 PM,267.5,67.93
1769,05/08/23 04:14:57 PM,267.9,67.93
1770,05/08/23 04:19:57 PM,268.2,68.04
1771,05/08/23 04:24:57 PM,267.7,67.87
1772,05/08/23 04:29:57 PM,267.2,67.64
1773,05/08/23 04:34:57 PM,267.5,67.71
1774,05/08/23 04:39:57 PM,267.6,67.78
1775,05/08/23 04:44:57 PM,267.3,67.77
1776,05/08/23 04:49:57 PM,267,67.71
1777,05/08/23 04:54:57 PM,266.9,67.71
1778,05/08/23 04:59:57 PM,267,67.73
1779,05/08/23 05:04:57 PM,266.9,67.69
1780,05/08/23 05:09:57 PM,266.7,67.64
1781,05/08/23 05:14:57 PM,266.3,67.57
1782,05/08/23 05:19:57 PM,266.5,67.53
1783,05/08/23 05:24:57 PM,266,67.33
1784,05/08/23 05:29:57 PM,265.6,67.28
1785,05/08/23 05:34:57 PM,265.2,67.15
1786,05/08/23 05:39:57 PM,264.2,66.83
1787,05/08/23 05:44:57 PM,264.1,66.7
1788,05/08/23 05:49:57 PM,263.8,66.51
1789,05/08/23 05:54:57 PM,263.1,66.33
1790,05/08/23 05:59:57 PM,264,66.18
1791,05/08/23 06:04:57 PM,262.9,66.15
1792,05/08/23 06:09:57 PM,262.3,66.06
1793,05/08/23 06:14:57 PM,261.9,65.93
1794,05/08/23 06:19:57 PM,261.5,65.8
1795,05/08/23 06:24:57 PM,261.5,65.68
1796,05/08/23 06:29:57 PM,261.2,65.57
1797,05/08/23 06:34:57 PM,260.9,65.43
1798,05/08/23 06:39:57 PM,260,65.26
1799,05/08/23 06:44:57 PM,259.3,65.1
1800,05/08/23 06:49:57 PM,259.1,64.99
1801,05/08/23 06:54:57 PM,258.7,64.85
1802,05/08/23 06:59:57 PM,258.3,64.71
1803,05/08/23 07:04:57 PM,258,64.6
1804,05/08/23 07:09:57 PM,257.6,64.44
1805,05/08/23 07:14:57 PM,257.1,64.29
1806,05/08/23 07:19:57 PM,256.8,64.15
1807,05/08/23 07:24:57 PM,256.6,64.02
1808,05/08/23 07:29:57 PM,255.8,63.86
1809,05/08/23 07:34:57 PM,255.3,63.7
1810,05/08/23 07:39:57 PM,254.8,63.55
1811,05/08/23 07:44:57 PM,254.4,63.41
1812,05/08/23 07:49:57 PM,254,63.28
1813,05/08/23 07:54:57 PM,253.6,63.14
1814,05/08/23 07:59:57 PM,253.5,63
1815,05/08/23 08:04:57 PM,253.2,62.89
1816,05/08/23 08:09:57 PM,252.8,62.76
1817,05/08/23 08:14:57 PM,252,62.64
1818,05/08/23 08:19:57 PM,252,62.56
1819,05/08/23 08:24:57 PM,251.7,62.4
1820,05/08/23 08:29:57 PM,251.2,62.28
1821,05/08/23 08:34:57 PM,250.7,62.19
1822,05/08/23 08:39:57 PM,250.4,62.11
1823,05/08/23 08:44:57 PM,250.5,62.06
1824,05/08/23 08:49:57 PM,250.2,62.01
1825,05/08/23 08:54:57 PM,249.8,62.01
1826,05/08/23 08:59:57 PM,249.5,61.93
1827,05/08/23 09:04:57 PM,249.1,61.9
1828,05/08/23 09:09:57 PM,248.8,61.83
1829,05/08/23 09:14:57 PM,248.8,61.81
1830,05/08/23 09:19:57 PM,248.7,61.81
1831,05/08/23 09:24:57 PM,248.4,61.75
1832,05/08/23 09:29:57 PM,247.8,61.66
1833,05/08/23 09:34:57 PM,248.1,61.65
1834,05/08/23 09:39:57 PM,247.5,61.57
1835,05/08/23 09:44:57 PM,247.5,61.52
1836,05/08/23 09:49:57 PM,247.6,61.48
1837,05/08/23 09:54:57 PM,248.5,61.43
1838,05/08/23 09:59:57 PM,248.2,61.38
1839,05/08/23 10:04:57 PM,248,61.36
1840,05/08/23 10:09:57 PM,247.7,61.29
1841,05/08/23 10:14:57 PM,248.2,61.25
1842,05/08/23 10:19:57 PM,248.4,61.25
1843,05/08/23 10:24:57 PM,248.7,61.25
1844,05/08/23 10:29:57 PM,248.1,61.16
1845,05/08/23 10:34:57 PM,247.9,61.11
1846,05/08/23 10:39:57 PM,247.5,61.05
1847,05/08/23 10:44:57 PM,247.3,61.02
1848,05/08/23 10:49:57 PM,247.1,60.96
1849,05/08/23 10:54:57 PM,246.9,60.96
1850,05/08/23 10:59:57 PM,246.8,60.94
1851,05/08/23 11:04:57 PM,247,60.93
1852,05/08/23 11:09:57 PM,248.2,61
1853,05/08/23 11:14:57 PM,248.9,60.94
1854,05/08/23 11:19:57 PM,247.9,60.93
1855,05/08/23 11:24:57 PM,247,60.93
1856,05/08/23 11:29:57 PM,246.8,60.93
1857,05/08/23 11:34:57 PM,246.5,60.89
1858,05/08/23 11:39:57 PM,246.3,60.89
1859,05/08/23 11:44:57 PM,246.5,60.85
1860,05/08/23 11:49:57 PM,246.4,60.84
1861,05/08/23 11:54:57 PM,246,60.76
1862,05/08/23 11:59:57 PM,246.8,60.73
1863,05/09/23 12:04:57 AM,247.4,60.71
1864,05/09/23 12:09:57 AM,247.1,60.67
1865,05/09/23 12:14:57 AM,246.2,60.67
1866,05/09/23 12:19:57 AM,245.6,60.64
1867,05/09/23 12:24:57 AM,244.9,60.6
1868,05/09/23 12:29:57 AM,244.5,60.55
1869,05/09/23 12:34:57 AM,244.1,60.53
1870,05/09/23 12:39:57 AM,243.9,60.51
1871,05/09/23 12:44:57 AM,243.6,60.46
1872,05/09/23 12:49:57 AM,243.4,60.44
1873,05/09/23 12:54:57 AM,243.3,60.42
1874,05/09/23 12:59:57 AM,243.2,60.39
1875,05/09/23 01:04:57 AM,243.1,60.35
1876,05/09/23 01:09:57 AM,243,60.35
1877,05/09/23 01:14:57 AM,242.8,60.31
1878,05/09/23 01:19:57 AM,242.8,60.3
1879,05/09/23 01:24:57 AM,242.8,60.3
1880,05/09/23 01:29:57 AM,242.8,60.3
1881,05/09/23 01:34:57 AM,242.8,60.28
1882,05/09/23 01:39:57 AM,242.8,60.26
1883,05/09/23 01:44:57 AM,242.7,60.22
1884,05/09/23 01:49:57 AM,242.5,60.19
1885,05/09/23 01:54:57 AM,242.3,60.15
1886,05/09/23 01:59:57 AM,242.3,60.13
1887,05/09/23 02:04:57 AM,242.5,60.13
1888,05/09/23 02:09:57 AM,242.6,60.15
1889,05/09/23 02:14:57 AM,242.6,60.19
1890,05/09/23 02:19:57 AM,242.6,60.19
1891,05/09/23 02:24:57 AM,242.3,60.15
1892,05/09/23 02:29:57 AM,242.3,60.12
1893,05/09/23 02:34:57 AM,242.2,60.1
1894,05/09/23 02:39:57 AM,242.2,60.1
1895,05/09/23 02:44:57 AM,241.9,60.06
1896,05/09/23 02:49:57 AM,241.9,60.04
1897,05/09/23 02:54:57 AM,242.1,60.06
1898,05/09/23 02:59:57 AM,242,60.04
1899,05/09/23 03:04:57 AM,241.9,60.03
1900,05/09/23 03:09:57 AM,241.8,59.99
1901,05/09/23 03:14:57 AM,241.7,59.99
1902,05/09/23 03:19:57 AM,242,59.97
1903,05/09/23 03:24:57 AM,242,59.97
1904,05/09/23 03:29:57 AM,242,59.94
1905,05/09/23 03:34:57 AM,242,59.94
1906,05/09/23 03:39:57 AM,242,59.9
1907,05/09/23 03:44:57 AM,241.6,59.86
1908,05/09/23 03:49:57 AM,241.4,59.81
1909,05/09/23 03:54:57 AM,241.5,59.81
1910,05/09/23 03:59:57 AM,241.5,59.79
1911,05/09/23 04:04:57 AM,241.5,59.77
1912,05/09/23 04:09:57 AM,241.4,59.74
1913,05/09/23 04:14:57 AM,241.2,59.74
1914,05/09/23 04:19:57 AM,241.2,59.72
1915,05/09/23 04:24:57 AM,241.1,59.7
1916,05/09/23 04:29:57 AM,240.9,59.67
1917,05/09/23 04:34:57 AM,241.1,59.63
1918,05/09/23 04:39:57 AM,240.9,59.61
1919,05/09/23 04:44:57 AM,241.2,59.58
1920,05/09/23 04:49:57 AM,241.5,59.56
1921,05/09/23 04:54:57 AM,241.5,59.54
1922,05/09/23 04:59:57 AM,241.3,59.5
1923,05/09/23 05:04:57 AM,241.3,59.49
1924,05/09/23 05:09:57 AM,241.2,59.47
1925,05/09/23 05:14:57 AM,240.9,59.45
1926,05/09/23 05:19:57 AM,241.3,59.45
1927,05/09/23 05:24:57 AM,241,59.47
1928,05/09/23 05:29:57 AM,240.8,59.45
1929,05/09/23 05:34:57 AM,240.6,59.41
1930,05/09/23 05:39:57 AM,240.5,59.4
1931,05/09/23 05:44:57 AM,240.5,59.38
1932,05/09/23 05:49:57 AM,240.5,59.34
1933,05/09/23 05:54:57 AM,240.4,59.34
1934,05/09/23 05:59:57 AM,240.5,59.32
1935,05/09/23 06:04:57 AM,240.3,59.32
1936,05/09/23 06:09:57 AM,240.3,59.32
1937,05/09/23 06:14:57 AM,240.4,59.31
1938,05/09/23 06:19:57 AM,240.1,59.31
1939,05/09/23 06:24:57 AM,240.1,59.31
1940,05/09/23 06:29:57 AM,240.1,59.29
1941,05/09/23 06:34:57 AM,239.7,59.29
1942,05/09/23 06:39:57 AM,239.7,59.29
1943,05/09/23 06:44:57 AM,239.9,59.25
1944,05/09/23 06:49:57 AM,239.8,59.25
1945,05/09/23 06:54:57 AM,239.7,59.25
1946,05/09/23 06:59:57 AM,239.7,59.25
1947,05/09/23 07:04:57 AM,239.6,59.25
1948,05/09/23 07:09:57 AM,239.5,59.25
1949,05/09/23 07:14:57 AM,239.4,59.29
1950,05/09/23 07:19:57 AM,239.5,59.29
1951,05/09/23 07:24:57 AM,239.5,59.31
1952,05/09/23 07:29:57 AM,239.5,59.31
1953,05/09/23 07:34:57 AM,239.2,59.32
1954,05/09/23 07:39:57 AM,239.7,59.34
1955,05/09/23 07:44:57 AM,239.6,59.41
1956,05/09/23 07:49:57 AM,240,59.45
1957,05/09/23 07:54:57 AM,240.1,59.47
1958,05/09/23 07:59:57 AM,240.2,59.47
1959,05/09/23 08:04:57 AM,240.3,59.5
1960,05/09/23 08:09:57 AM,240.3,59.54
1961,05/09/23 08:14:57 AM,240.6,59.56
1962,05/09/23 08:19:57 AM,240.3,59.61
1963,05/09/23 08:24:57 AM,240.5,59.65
1964,05/09/23 08:29:57 AM,240.4,59.7
1965,05/09/23 08:34:57 AM,240.6,59.77
1966,05/09/23 08:39:57 AM,240.8,59.86
1967,05/09/23 08:44:57 AM,241,59.97
1968,05/09/23 08:49:57 AM,241.4,60.06
1969,05/09/23 08:54:57 AM,242,60.22
1970,05/09/23 08:59:57 AM,242.2,60.35
1971,05/09/23 09:04:57 AM,242.4,60.44
1972,05/09/23 09:09:57 AM,242.6,60.51
1973,05/09/23 09:14:57 AM,242.7,60.62
1974,05/09/23 09:19:57 AM,243.1,60.73
1975,05/09/23 09:24:57 AM,243.4,60.87
1976,05/09/23 09:29:57 AM,243.9,61.03
1977,05/09/23 09:34:57 AM,244.2,61.16
1978,05/09/23 09:39:57 AM,244.3,61.27
1979,05/09/23 09:44:57 AM,244.7,61.38
1980,05/09/23 09:49:57 AM,244.9,61.45
1981,05/09/23 09:54:57 AM,245.3,61.54
1982,05/09/23 09:59:57 AM,246.1,61.83
1983,05/09/23 10:04:57 AM,246.3,61.86
1984,05/09/23 10:09:57 AM,246.8,62.01
1985,05/09/23 10:14:57 AM,247.2,62.17
1986,05/09/23 10:19:57 AM,247.4,62.31
1987,05/09/23 10:24:57 AM,247.3,62.35
1988,05/09/23 10:29:57 AM,247.7,62.51
1989,05/09/23 10:34:57 AM,247.9,62.55
1990,05/09/23 10:39:57 AM,248.2,62.67
1991,05/09/23 10:44:57 AM,248.5,62.71
1992,05/09/23 10:49:57 AM,249.1,62.8
1993,05/09/23 10:54:57 AM,249.8,62.98
1994,05/09/23 10:59:57 AM,249.7,63.05
1995,05/09/23 11:04:57 AM,250.4,63.21
1996,05/09/23 11:09:57 AM,251,63.37
1997,05/09/23 11:14:57 AM,250.9,63.46
1998,05/09/23 11:19:57 AM,251.5,63.57
1999,05/09/23 11:24:57 AM,251.8,63.7
2000,05/09/23 11:29:57 AM,252.3,63.81
2001,05/09/23 11:34:57 AM,252.4,63.9
2002,05/09/23 11:39:57 AM,252.2,64.11
2003,05/09/23 11:44:57 AM,253.7,64.22
2004,05/09/23 11:49:57 AM,254.1,64.38
2005,05/09/23 11:54:57 AM,254.6,64.51
2006,05/09/23 11:59:57 AM,254.9,64.62
2007,05/09/23 12:04:57 PM,255.6,64.72
2008,05/09/23 12:09:57 PM,255.7,64.76
2009,05/09/23 12:14:57 PM,255.9,64.71
2010,05/09/23 12:19:57 PM,256.3,64.72
2011,05/09/23 12:24:57 PM,256.5,64.85
2012,05/09/23 12:29:57 PM,256.4,64.85
2013,05/09/23 12:34:57 PM,256.5,64.83
2014,05/09/23 12:39:57 PM,256.6,64.72
2015,05/09/23 12:44:57 PM,256.4,64.83
2016,05/09/23 12:49:57 PM,256.9,64.94
2017,05/09/23 12:54:57 PM,256.8,64.96
2018,05/09/23 12:59:57 PM,256.2,64.87
2019,05/09/23 01:04:57 PM,257.1,65.05
2020,05/09/23 01:09:57 PM,258.6,65.35
2021,05/09/23 01:14:57 PM,259.6,65.59
2022,05/09/23 01:19:57 PM,259.4,65.64
2023,05/09/23 01:24:57 PM,259.9,65.86
2024,05/09/23 01:29:57 PM,260,65.98
2025,05/09/23 01:34:57 PM,260.1,66
2026,05/09/23 01:39:57 PM,260.1,66.15
2027,05/09/23 01:44:57 PM,260.7,66.33
2028,05/09/23 01:49:57 PM,259.9,66.24
2029,05/09/23 01:54:57 PM,261.2,66.58
2030,05/09/23 01:59:57 PM,262.2,66.76
2031,05/09/23 02:04:57 PM,263.4,66.97
2032,05/09/23 02:09:57 PM,263.3,66.96
2033,05/09/23 02:14:57 PM,263.9,67.06
2034,05/09/23 02:19:57 PM,264.1,67.12
2035,05/09/23 02:24:57 PM,264.4,67.24
2036,05/09/23 02:29:57 PM,264.3,67.12
2037,05/09/23 02:34:57 PM,264.2,66.92
2038,05/09/23 02:39:57 PM,264.4,66.96
2039,05/09/23 02:44:57 PM,265.2,67.21
2040,05/09/23 02:49:57 PM,265.7,67.41
2041,05/09/23 02:54:57 PM,265.9,67.55
2042,05/09/23 02:59:57 PM,266.4,67.66
2043,05/09/23 03:04:57 PM,266.5,67.66
2044,05/09/23 03:09:57 PM,267.3,67.8
2045,05/09/23 03:14:57 PM,266.5,67.86
2046,05/09/23 03:19:57 PM,266.3,67.87
2047,05/09/23 03:24:57 PM,266.9,67.89
2048,05/09/23 03:29:57 PM,267.4,67.93
2049,05/09/23 03:34:57 PM,267.7,67.98
2050,05/09/23 03:39:57 PM,268.1,68.11
2051,05/09/23 03:44:57 PM,268.3,68.11
2052,05/09/23 03:49:57 PM,268.3,68.11
2053,05/09/23 03:54:57 PM,268.5,68.13
2054,05/09/23 03:59:57 PM,268.7,68.11
2055,05/09/23 04:04:57 PM,268.8,68.13
2056,05/09/23 04:09:57 PM,269,68.11
2057,05/09/23 04:14:57 PM,269,68.09
2058,05/09/23 04:19:57 PM,269.1,68.09
2059,05/09/23 04:24:57 PM,268.9,68.09
2060,05/09/23 04:29:57 PM,269.1,68.05
2061,05/09/23 04:34:57 PM,268.7,68.05
2062,05/09/23 04:39:57 PM,268.6,68.04
2063,05/09/23 04:44:57 PM,269,67.98
2064,05/09/23 04:49:57 PM,268.3,67.95
2065,05/09/23 04:54:57 PM,268.4,67.89
2066,05/09/23 04:59:57 PM,268.2,67.8
2067,05/09/23 05:04:57 PM,268.3,67.73
2068,05/09/23 05:09:57 PM,268.3,67.69
2069,05/09/23 05:14:57 PM,269,67.62
2070,05/09/23 05:19:57 PM,268.5,67.53
2071,05/09/23 05:24:57 PM,267.6,67.44
2072,05/09/23 05:29:57 PM,267.1,67.37
2073,05/09/23 05:34:57 PM,266.3,67.28
2074,05/09/23 05:39:57 PM,266.4,67.14
2075,05/09/23 05:44:57 PM,266.2,66.99
2076,05/09/23 05:49:57 PM,265.9,66.87
2077,05/09/23 05:54:57 PM,265.7,66.74
2078,05/09/23 05:59:57 PM,265.2,66.58
2079,05/09/23 06:04:57 PM,264.9,66.43
2080,05/09/23 06:09:57 PM,264,66.31
2081,05/09/23 06:14:57 PM,263.8,66.11
2082,05/09/23 06:19:57 PM,263.7,66
2083,05/09/23 06:24:57 PM,262.7,65.89
2084,05/09/23 06:29:57 PM,262.5,65.73
2085,05/09/23 06:34:57 PM,261.9,65.59
2086,05/09/23 06:39:57 PM,262.1,65.44
2087,05/09/23 06:44:57 PM,261.7,65.32
2088,05/09/23 06:49:57 PM,260.9,65.17
2089,05/09/23 06:54:57 PM,260.7,65.03
2090,05/09/23 06:59:57 PM,260.8,64.87
2091,05/09/23 07:04:57 PM,259.9,64.72
2092,05/09/23 07:09:57 PM,259.1,64.56
2093,05/09/23 07:14:57 PM,259,64.36
2094,05/09/23 07:19:57 PM,258.9,64.22
2095,05/09/23 07:24:57 PM,258.1,64.09
2096,05/09/23 07:29:57 PM,257.7,63.9
2097,05/09/23 07:34:57 PM,257.2,63.72
2098,05/09/23 07:39:57 PM,256.5,63.57
2099,05/09/23 07:44:57 PM,256.1,63.45
2100,05/09/23 07:49:57 PM,255.8,63.32
2101,05/09/23 07:54:57 PM,254.8,63.19
2102,05/09/23 07:59:57 PM,254.3,63.05
2103,05/09/23 08:04:57 PM,254.5,62.91
2104,05/09/23 08:09:57 PM,254.2,62.82
2105,05/09/23 08:14:57 PM,253.3,62.71
2106,05/09/23 08:19:57 PM,253.4,62.58
2107,05/09/23 08:24:57 PM,253.2,62.47
2108,05/09/23 08:29:57 PM,252.6,62.38
2109,05/09/23 08:34:57 PM,252.3,62.31
2110,05/09/23 08:39:57 PM,252.2,62.24
2111,05/09/23 08:44:57 PM,251.2,62.15
2112,05/09/23 08:49:57 PM,251.2,62.06
2113,05/09/23 08:54:57 PM,251.1,61.99
2114,05/09/23 08:59:57 PM,250.9,61.92
2115,05/09/23 09:04:57 PM,250.3,61.84
2116,05/09/23 09:09:57 PM,250.3,61.77
2117,05/09/23 09:14:57 PM,249.8,61.74
2118,05/09/23 09:19:57 PM,250,61.7
2119,05/09/23 09:24:57 PM,250,61.77
2120,05/09/23 09:29:57 PM,249.8,61.83
2121,05/09/23 09:34:57 PM,249.7,61.75
2122,05/09/23 09:39:57 PM,249.2,61.74
2123,05/09/23 09:44:57 PM,248.8,61.68
2124,05/09/23 09:49:57 PM,248.7,61.66
2125,05/09/23 09:54:57 PM,248.3,61.61
2126,05/09/23 09:59:57 PM,248,61.57
2127,05/09/23 10:04:57 PM,247.4,61.54
2128,05/09/23 10:09:57 PM,247.3,61.5
2129,05/09/23 10:14:57 PM,247.3,61.45
2130,05/09/23 10:19:57 PM,247,61.38
2131,05/09/23 10:24:57 PM,246.4,61.34
2132,05/09/23 10:29:57 PM,246.7,61.29
2133,05/09/23 10:34:57 PM,247.1,61.27
2134,05/09/23 10:39:57 PM,246.8,61.32
2135,05/09/23 10:44:57 PM,246.4,61.32
2136,05/09/23 10:49:57 PM,247,61.27
2137,05/09/23 10:54:57 PM,248.1,61.2
2138,05/09/23 10:59:57 PM,249.5,61.16
2139,05/09/23 11:04:57 PM,249.5,61.11
2140,05/09/23 11:09:57 PM,249.2,61.05
2141,05/09/23 11:14:57 PM,248.9,61.05
2142,05/09/23 11:19:57 PM,248.2,61.03
2143,05/09/23 11:24:57 PM,247.3,61
2144,05/09/23 11:29:57 PM,246,60.96
2145,05/09/23 11:34:57 PM,245.3,60.93
2146,05/09/23 11:39:57 PM,245.3,60.89
2147,05/09/23 11:44:57 PM,245.2,60.85
2148,05/09/23 11:49:57 PM,245.2,60.8
2149,05/09/23 11:54:57 PM,245.2,60.8
2150,05/09/23 11:59:57 PM,245.1,60.76
2151,05/10/23 12:04:57 AM,245.4,60.73
2152,05/10/23 12:09:57 AM,245.7,60.71
2153,05/10/23 12:14:57 AM,246.7,60.69
2154,05/10/23 12:19:57 AM,246.7,60.67
2155,05/10/23 12:24:57 AM,246.8,60.67
2156,05/10/23 12:29:57 AM,246.6,60.64
2157,05/10/23 12:34:57 AM,246.6,60.64
2158,05/10/23 12:39:57 AM,246.5,60.62
2159,05/10/23 12:44:57 AM,246,60.6
2160,05/10/23 12:49:57 AM,245.8,60.6
2161,05/10/23 12:54:57 AM,245.5,60.6
2162,05/10/23 12:59:57 AM,245.8,60.57
2163,05/10/23 01:04:57 AM,246,60.55
2164,05/10/23 01:09:57 AM,245.9,60.55
2165,05/10/23 01:14:57 AM,245.8,60.53
2166,05/10/23 01:19:57 AM,246.6,60.53
2167,05/10/23 01:24:57 AM,245.9,60.51
2168,05/10/23 01:29:57 AM,244.9,60.48
2169,05/10/23 01:34:57 AM,244.5,60.48
2170,05/10/23 01:39:57 AM,244.3,60.44
2171,05/10/23 01:44:57 AM,244.1,60.42
2172,05/10/23 01:49:57 AM,244,60.39
2173,05/10/23 01:54:57 AM,243.9,60.39
2174,05/10/23 01:59:57 AM,243.7,60.37
2175,05/10/23 02:04:57 AM,243.7,60.35
2176,05/10/23 02:09:57 AM,243.4,60.31
2177,05/10/23 02:14:57 AM,243.8,60.31
2178,05/10/23 02:19:57 AM,243.5,60.3
2179,05/10/23 02:24:57 AM,243.4,60.28
2180,05/10/23 02:29:57 AM,242.5,60.26
2181,05/10/23 02:34:57 AM,243.2,60.21
2182,05/10/23 02:39:57 AM,243,60.21
2183,05/10/23 02:44:57 AM,243,60.19
2184,05/10/23 02:49:57 AM,242.9,60.15
2185,05/10/23 02:54:57 AM,242.9,60.15
2186,05/10/23 02:59:57 AM,242.6,60.13
2187,05/10/23 03:04:57 AM,242.9,60.12
2188,05/10/23 03:09:57 AM,242.9,60.12
2189,05/10/23 03:14:57 AM,242.5,60.1
2190,05/10/23 03:19:57 AM,242.8,60.1
2191,05/10/23 03:24:57 AM,242.9,60.1
2192,05/10/23 03:29:57 AM,243,60.06
2193,05/10/23 03:34:57 AM,242.9,60.04
2194,05/10/23 03:39:57 AM,243,60.04
2195,05/10/23 03:44:57 AM,242.8,60.03
2196,05/10/23 03:49:57 AM,242.7,59.99
2197,05/10/23 03:54:57 AM,242.6,59.99
2198,05/10/23 03:59:57 AM,242.4,59.97
2199,05/10/23 04:04:57 AM,242.1,59.95
2200,05/10/23 04:09:57 AM,242.3,59.94
2201,05/10/23 04:14:57 AM,242.2,59.94
2202,05/10/23 04:19:57 AM,242,59.9
2203,05/10/23 04:24:57 AM,242,59.88
2204,05/10/23 04:29:57 AM,242.3,59.88
2205,05/10/23 04:34:57 AM,242,59.88
2206,05/10/23 04:39:57 AM,241.8,59.86
2207,05/10/23 04:44:57 AM,241.2,59.83
2208,05/10/23 04:49:57 AM,242,59.81
2209,05/10/23 04:54:57 AM,241.5,59.79
2210,05/10/23 04:59:57 AM,241.5,59.79
2211,05/10/23 05:04:57 AM,241.2,59.77
2212,05/10/23 05:09:57 AM,241.3,59.77
2213,05/10/23 05:14:57 AM,241.2,59.72
2214,05/10/23 05:19:57 AM,240.9,59.7
2215,05/10/23 05:24:57 AM,241.2,59.7
2216,05/10/23 05:29:57 AM,241.2,59.7
2217,05/10/23 05:34:57 AM,241.3,59.67
2218,05/10/23 05:39:57 AM,241.2,59.65
2219,05/10/23 05:44:57 AM,241.2,59.63
2220,05/10/23 05:49:57 AM,240.9,59.63
2221,05/10/23 05:54:57 AM,240.8,59.58
2222,05/10/23 05:59:57 AM,240.7,59.58
2223,05/10/23 06:04:57 AM,240.6,59.56
2224,05/10/23 06:09:57 AM,240.9,59.54
2225,05/10/23 06:14:57 AM,240.6,59.54
2226,05/10/23 06:19:57 AM,240.7,59.5
2227,05/10/23 06:24:57 AM,240.6,59.5
2228,05/10/23 06:29:57 AM,240.8,59.54
2229,05/10/23 06:34:57 AM,240.5,59.5
2230,05/10/23 06:39:57 AM,240.5,59.5
2231,05/10/23 06:44:57 AM,240.6,59.5
2232,05/10/23 06:49:57 AM,240.6,59.54
2233,05/10/23 06:54:57 AM,240.6,59.54
2234,05/10/23 06:59:57 AM,240.6,59.56
2235,05/10/23 07:04:57 AM,240.6,59.58
2236,05/10/23 07:09:57 AM,240.8,59.61
2237,05/10/23 07:14:57 AM,240.9,59.63
2238,05/10/23 07:19:57 AM,240.9,59.65
2239,05/10/23 07:24:57 AM,240.9,59.7
2240,05/10/23 07:29:57 AM,241.1,59.72
2241,05/10/23 07:34:57 AM,240.9,59.77
2242,05/10/23 07:39:57 AM,241.2,59.79
2243,05/10/23 07:44:57 AM,241,59.81
2244,05/10/23 07:49:57 AM,241.1,59.86
2245,05/10/23 07:54:57 AM,241,59.9
2246,05/10/23 07:59:57 AM,241.1,59.97
2247,05/10/23 08:04:57 AM,241.2,60.03
2248,05/10/23 08:09:57 AM,241.3,60.1
2249,05/10/23 08:14:57 AM,241.6,60.13
2250,05/10/23 08:19:57 AM,241.5,60.21
2251,05/10/23 08:24:57 AM,241.4,60.26
2252,05/10/23 08:29:57 AM,242,60.35
2253,05/10/23 08:34:57 AM,241.8,60.39
2254,05/10/23 08:39:57 AM,241.9,60.42
2255,05/10/23 08:44:57 AM,242,60.46
2256,05/10/23 08:49:57 AM,242.3,60.53
2257,05/10/23 08:54:57 AM,242.6,60.6
2258,05/10/23 08:59:57 AM,242.6,60.62
2259,05/10/23 09:04:57 AM,242.6,60.67
2260,05/10/23 09:09:57 AM,242.7,60.73
2261,05/10/23 09:14:57 AM,243.8,60.8
2262,05/10/23 09:19:57 AM,243.4,60.87
2263,05/10/23 09:24:57 AM,243.5,60.94
2264,05/10/23 09:29:57 AM,243.3,61.03
2265,05/10/23 09:34:57 AM,243.6,61.12
2266,05/10/23 09:39:57 AM,243.7,61.2
2267,05/10/23 09:44:57 AM,244.3,61.29
2268,05/10/23 09:49:57 AM,244.4,61.36
2269,05/10/23 09:54:57 AM,244.5,61.43
2270,05/10/23 09:59:57 AM,244.7,61.48
2271,05/10/23 10:04:57 AM,244.7,61.54
2272,05/10/23 10:09:57 AM,245.1,61.59
2273,05/10/23 10:14:57 AM,245,61.68
2274,05/10/23 10:19:57 AM,245.3,61.7
2275,05/10/23 10:24:57 AM,245.6,61.74
2276,05/10/23 10:29:57 AM,245.8,61.81
2277,05/10/23 10:34:57 AM,246,61.86
2278,05/10/23 10:39:57 AM,246.3,61.93
2279,05/10/23 10:44:57 AM,246.6,62.01
2280,05/10/23 10:49:57 AM,246.7,62.06
2281,05/10/23 10:54:57 AM,246.9,62.1
2282,05/10/23 10:59:57 AM,247.1,62.19
2283,05/10/23 11:04:57 AM,247.3,62.26
2284,05/10/23 11:09:57 AM,247.4,62.35
2285,05/10/23 11:14:57 AM,247.8,62.38
2286,05/10/23 11:19:57 AM,248.1,62.55
2287,05/10/23 11:24:57 AM,248.7,62.74
2288,05/10/23 11:29:57 AM,249,62.83
2289,05/10/23 11:34:57 AM,249.5,62.92
2290,05/10/23 11:39:57 AM,249.8,63.09
2291,05/10/23 11:44:57 AM,250.4,63.25
2292,05/10/23 11:49:57 AM,251.2,63.48
2293,05/10/23 11:54:57 AM,251.6,63.57
2294,05/10/23 11:59:57 AM,251.5,63.66
2295,05/10/23 12:04:57 PM,251.9,63.77
2296,05/10/23 12:09:57 PM,252.2,63.81
2297,05/10/23 12:14:57 PM,252.2,63.82
2298,05/10/23 12:19:57 PM,252,63.81
2299,05/10/23 12:24:57 PM,252.5,63.9
2300,05/10/23 12:29:57 PM,252.9,63.97
2301,05/10/23 12:34:57 PM,253.7,64.22
2302,05/10/23 12:39:57 PM,254.4,64.38
2303,05/10/23 12:44:57 PM,254.9,64.56
2304,05/10/23 12:49:57 PM,255.6,64.8
2305,05/10/23 12:54:57 PM,256.5,65.08
2306,05/10/23 12:59:57 PM,257.2,65.34
2307,05/10/23 01:04:57 PM,257.7,65.57
2308,05/10/23 01:09:57 PM,258.5,65.86
2309,05/10/23 01:14:57 PM,259.1,66.02
2310,05/10/23 01:19:57 PM,259.3,66.11
2311,05/10/23 01:24:57 PM,259.4,66.11
2312,05/10/23 01:29:57 PM,259.9,66.22
2313,05/10/23 01:34:57 PM,259.9,66.16
2314,05/10/23 01:39:57 PM,260,66.09
2315,05/10/23 01:44:57 PM,260,66.15
2316,05/10/23 01:49:57 PM,259.4,66
2317,05/10/23 01:54:57 PM,258.8,65.73
2318,05/10/23 01:59:57 PM,258.9,65.7
2319,05/10/23 02:04:57 PM,258.5,65.5
2320,05/10/23 02:09:57 PM,258.2,65.48
2321,05/10/23 02:14:57 PM,257.7,65.34
2322,05/10/23 02:19:57 PM,256.8,65.32
2323,05/10/23 02:24:57 PM,256.1,65.05
2324,05/10/23 02:29:57 PM,256.2,64.85
2325,05/10/23 02:34:57 PM,256.6,64.78
2326,05/10/23 02:39:57 PM,258,65.08
2327,05/10/23 02:44:57 PM,258,65.03
2328,05/10/23 02:49:57 PM,257.7,64.94
2329,05/10/23 02:54:57 PM,257.2,64.83
2330,05/10/23 02:59:57 PM,256.3,64.71
2331,05/10/23 03:04:57 PM,255.8,64.63
2332,05/10/23 03:09:57 PM,255.7,64.6
2333,05/10/23 03:14:57 PM,255.5,64.44
2334,05/10/23 03:19:57 PM,255.4,64.26
2335,05/10/23 03:24:57 PM,255.3,64.11
2336,05/10/23 03:29:57 PM,255.2,63.97
2337,05/10/23 03:34:57 PM,255.1,63.86
2338,05/10/23 03:39:57 PM,255.3,63.77
2339,05/10/23 03:44:57 PM,255.6,63.77
2340,05/10/23 03:49:57 PM,257,64.09
2341,05/10/23 03:54:57 PM,258.1,64.47
2342,05/10/23 03:59:57 PM,258.9,64.76
2343,05/10/23 04:04:57 PM,258,64.72
2344,05/10/23 04:09:57 PM,257.4,64.54
2345,05/10/23 04:14:57 PM,256.7,64.44
2346,05/10/23 04:19:57 PM,256.6,64.47
2347,05/10/23 04:24:57 PM,257,64.56
2348,05/10/23 04:29:57 PM,256.6,64.6
2349,05/10/23 04:34:57 PM,255.5,64.53
2350,05/10/23 04:39:57 PM,255.3,64.36
2351,05/10/23 04:44:57 PM,253.9,64.04
2352,05/10/23 04:49:57 PM,252.9,63.97
2353,05/10/23 04:54:57 PM,249.1,64.15
2354,05/10/23 04:59:57 PM,244.6,63.99
2355,05/10/23 05:04:57 PM,241.7,63.66
2356,05/10/23 05:09:57 PM,241.9,63.45
2357,05/10/23 05:14:57 PM,241.5,63.32
2358,05/10/23 05:19:57 PM,241,63.19
2359,05/10/23 05:24:57 PM,240.5,63.05
2360,05/10/23 05:29:57 PM,239.8,62.98
2361,05/10/23 05:34:57 PM,239.6,62.89
2362,05/10/23 05:39:57 PM,239.9,62.87
2363,05/10/23 05:44:57 PM,240,62.87
2364,05/10/23 05:49:57 PM,240,62.89
2365,05/10/23 05:54:57 PM,239.9,62.87
2366,05/10/23 05:59:57 PM,239.9,62.87
2367,05/10/23 06:04:57 PM,239.9,62.91
2368,05/10/23 06:09:57 PM,240.4,62.87
2369,05/10/23 06:14:57 PM,240.5,62.8
2370,05/10/23 06:19:57 PM,241,62.65
2371,05/10/23 06:24:57 PM,241.4,62.51
2372,05/10/23 06:29:57 PM,242,62.35
2373,05/10/23 06:34:57 PM,242.3,62.22
2374,05/10/23 06:39:57 PM,242.6,62.1
2375,05/10/23 06:44:57 PM,243.2,62.01
2376,05/10/23 06:49:57 PM,243.4,61.92
2377,05/10/23 06:54:57 PM,243.5,61.83
2378,05/10/23 06:59:57 PM,243.9,61.74
2379,05/10/23 07:04:57 PM,244,61.66
2380,05/10/23 07:09:57 PM,244,61.57
2381,05/10/23 07:14:57 PM,244.2,61.48
2382,05/10/23 07:19:57 PM,244.4,61.41
2383,05/10/23 07:24:57 PM,244.4,61.34
2384,05/10/23 07:29:57 PM,244.4,61.27
2385,05/10/23 07:34:57 PM,244.4,61.2
2386,05/10/23 07:39:57 PM,244.1,61.16
2387,05/10/23 07:44:57 PM,243.9,61.11
2388,05/10/23 07:49:57 PM,243.5,61.05
2389,05/10/23 07:54:57 PM,243.5,61.02
2390,05/10/23 07:59:57 PM,243.6,60.96
2391,05/10/23 08:04:57 PM,243.4,60.94
2392,05/10/23 08:09:57 PM,243.5,60.89
2393,05/10/23 08:14:57 PM,243.3,60.87
2394,05/10/23 08:19:57 PM,242.9,60.85
2395,05/10/23 08:24:57 PM,243.1,60.84
2396,05/10/23 08:29:57 PM,243,60.8
2397,05/10/23 08:34:57 PM,242.8,60.78
2398,05/10/23 08:39:57 PM,242.5,60.73
2399,05/10/23 08:44:57 PM,242.7,60.71
2400,05/10/23 08:49:57 PM,242.9,60.69
2401,05/10/23 08:54:57 PM,242.9,60.67
2402,05/10/23 08:59:57 PM,242.9,60.64
2403,05/10/23 09:04:57 PM,242.9,60.62
2404,05/10/23 09:09:57 PM,242,60.6
2405,05/10/23 09:14:57 PM,242.9,60.57
2406,05/10/23 09:19:57 PM,242.7,60.53
2407,05/10/23 09:24:57 PM,242.9,60.51
2408,05/10/23 09:29:57 PM,242.7,60.48
2409,05/10/23 09:34:57 PM,242.7,60.44
2410,05/10/23 09:39:57 PM,242.7,60.44
2411,05/10/23 09:44:57 PM,242.7,60.42
2412,05/10/23 09:49:57 PM,242.5,60.39
2413,05/10/23 09:54:57 PM,242.3,60.37
2414,05/10/23 09:59:57 PM,242.1,60.37
2415,05/10/23 10:04:57 PM,242.6,60.37
2416,05/10/23 10:09:57 PM,242.1,60.35
2417,05/10/23 10:14:57 PM,242.1,60.31
2418,05/10/23 10:19:57 PM,242.6,60.31
2419,05/10/23 10:24:57 PM,241.8,60.3
2420,05/10/23 10:29:57 PM,242.1,60.28
2421,05/10/23 10:34:57 PM,241.9,60.28
2422,05/10/23 10:39:57 PM,242.5,60.26
2423,05/10/23 10:44:57 PM,242.5,60.28
2424,05/10/23 10:49:57 PM,242.8,60.26
2425,05/10/23 10:54:57 PM,242.6,60.26
2426,05/10/23 10:59:57 PM,242.6,60.26
2427,05/10/23 11:04:57 PM,242.7,60.22
2428,05/10/23 11:09:57 PM,242.7,60.22
2429,05/10/23 11:14:57 PM,242.9,60.21
2430,05/10/23 11:19:57 PM,242.9,60.21
2431,05/10/23 11:24:57 PM,242.9,60.21
2432,05/10/23 11:29:57 PM,243,60.21
2433,05/10/23 11:34:57 PM,242.8,60.21
2434,05/10/23 11:39:57 PM,242.9,60.19
2435,05/10/23 11:44:57 PM,242.4,60.21
2436,05/10/23 11:49:57 PM,242.2,60.19
2437,05/10/23 11:54:57 PM,242.3,60.19
2438,05/10/23 11:59:57 PM,242.5,60.19
2439,05/11/23 12:04:57 AM,242.6,60.15
2440,05/11/23 12:09:57 AM,242.5,60.15
2441,05/11/23 12:14:57 AM,242.2,60.15
2442,05/11/23 12:19:57 AM,242.3,60.13
2443,05/11/23 12:24:57 AM,242.5,60.12
2444,05/11/23 12:29:57 AM,241.9,60.12
2445,05/11/23 12:34:57 AM,242,60.12
2446,05/11/23 12:39:57 AM,242.3,60.12
2447,05/11/23 12:44:57 AM,242.3,60.1
2448,05/11/23 12:49:57 AM,242.1,60.1
2449,05/11/23 12:54:57 AM,242.2,60.1
2450,05/11/23 12:59:57 AM,242.3,60.1
2451,05/11/23 01:04:57 AM,241.7,60.1
2452,05/11/23 01:09:57 AM,242,60.1
2453,05/11/23 01:14:57 AM,242,60.1
2454,05/11/23 01:19:57 AM,241.9,60.1
2455,05/11/23 01:24:57 AM,241.7,60.1
2456,05/11/23 01:29:57 AM,242.3,60.06
2457,05/11/23 01:34:57 AM,242.2,60.1
2458,05/11/23 01:39:57 AM,242.4,60.06
2459,05/11/23 01:44:57 AM,242.8,60.06
2460,05/11/23 01:49:57 AM,242.8,60.04
2461,05/11/23 01:54:57 AM,242.7,60.04
2462,05/11/23 01:59:57 AM,243.7,60.04
2463,05/11/23 02:04:57 AM,242.8,60.03
2464,05/11/23 02:09:57 AM,242.2,59.99
2465,05/11/23 02:14:57 AM,242.2,60.03
2466,05/11/23 02:19:57 AM,242.7,59.99
2467,05/11/23 02:24:57 AM,242.6,59.99
2468,05/11/23 02:29:57 AM,242.5,59.99
2469,05/11/23 02:34:57 AM,243.3,59.99
2470,05/11/23 02:39:57 AM,242.8,59.99
2471,05/11/23 02:44:57 AM,242.6,59.99
2472,05/11/23 02:49:57 AM,242.6,60.03
2473,05/11/23 02:54:57 AM,242.6,59.99
2474,05/11/23 02:59:57 AM,242.6,60.03
2475,05/11/23 03:04:57 AM,243,59.99
2476,05/11/23 03:09:57 AM,242.6,59.99
2477,05/11/23 03:14:57 AM,242.4,59.99
2478,05/11/23 03:19:57 AM,242.4,59.97
2479,05/11/23 03:24:57 AM,242.5,59.95
2480,05/11/23 03:29:57 AM,242.3,59.95
2481,05/11/23 03:34:57 AM,242.3,59.95
2482,05/11/23 03:39:57 AM,242.3,59.95
2483,05/11/23 03:44:57 AM,242.2,59.95
2484,05/11/23 03:49:57 AM,242,59.94
2485,05/11/23 03:54:57 AM,241.8,59.94
2486,05/11/23 03:59:57 AM,241.7,59.94
2487,05/11/23 04:04:57 AM,241.9,59.9
2488,05/11/23 04:09:57 AM,241.8,59.9
2489,05/11/23 04:14:57 AM,241.9,59.88
2490,05/11/23 04:19:57 AM,242,59.86
2491,05/11/23 04:24:57 AM,242,59.86
2492,05/11/23 04:29:57 AM,242,59.86
2493,05/11/23 04:34:57 AM,242,59.83
2494,05/11/23 04:39:57 AM,242,59.83
2495,05/11/23 04:44:57 AM,242.1,59.81
2496,05/11/23 04:49:57 AM,242,59.81
2497,05/11/23 04:54:57 AM,242.1,59.79
2498,05/11/23 04:59:57 AM,241.9,59.79
2499,05/11/23 05:04:57 AM,242.1,59.79
2500,05/11/23 05:09:57 AM,242.1,59.77
2501,05/11/23 05:14:57 AM,242.1,59.77
2502,05/11/23 05:19:57 AM,241.9,59.77
2503,05/11/23 05:24:57 AM,241.9,59.77
2504,05/11/23 05:29:57 AM,241.9,59.77
2505,05/11/23 05:34:57 AM,242,59.74
2506,05/11/23 05:39:57 AM,241.9,59.74
2507,05/11/23 05:44:57 AM,241.7,59.74
2508,05/11/23 05:49:57 AM,241.8,59.74
2509,05/11/23 05:54:57 AM,241.8,59.74
2510,05/11/23 05:59:57 AM,241.9,59.77
2511,05/11/23 06:04:57 AM,242.1,59.77
2512,05/11/23 06:09:57 AM,241.9,59.77
2513,05/11/23 06:14:57 AM,241.8,59.77
2514,05/11/23 06:19:57 AM,241.8,59.77
2515,05/11/23 06:24:57 AM,241.8,59.79
2516,05/11/23 06:29:57 AM,241.8,59.79
2517,05/11/23 06:34:57 AM,241.8,59.81
2518,05/11/23 06:39:57 AM,242,59.83
2519,05/11/23 06:44:57 AM,242.1,59.86
2520,05/11/23 06:49:57 AM,242.1,59.88
2521,05/11/23 06:54:57 AM,242.1,59.9
2522,05/11/23 06:59:57 AM,242.1,59.94
2523,05/11/23 07:04:57 AM,242.1,59.94
2524,05/11/23 07:09:57 AM,242,59.95
2525,05/11/23 07:14:57 AM,241.8,59.95
2526,05/11/23 07:19:57 AM,241.8,59.97
2527,05/11/23 07:24:57 AM,242,59.99
2528,05/11/23 07:29:57 AM,242,60.03
2529,05/11/23 07:34:57 AM,242,60.04
2530,05/11/23 07:39:57 AM,241.8,60.03
2531,05/11/23 07:44:57 AM,241.7,60.04
2532,05/11/23 07:49:57 AM,241.7,60.06
2533,05/11/23 07:54:57 AM,241.7,60.1
2534,05/11/23 07:59:57 AM,241.9,60.1
2535,05/11/23 08:04:57 AM,242,60.12
2536,05/11/23 08:09:57 AM,242.1,60.13
2537,05/11/23 08:14:57 AM,242.2,60.13
2538,05/11/23 08:19:57 AM,242.3,60.19
2539,05/11/23 08:24:57 AM,242.3,60.21
2540,05/11/23 08:29:57 AM,242.3,60.26
2541,05/11/23 08:34:57 AM,242.1,60.31
2542,05/11/23 08:39:57 AM,241.8,60.39
2543,05/11/23 08:44:57 AM,241.1,60.46
2544,05/11/23 08:49:57 AM,240.3,60.57
2545,05/11/23 08:54:57 AM,240,60.84
2546,05/11/23 08:59:57 AM,237.6,61.36
2547,05/11/23 09:04:57 AM,232.8,61.93
2548,05/11/23 09:09:57 AM,224.9,61.83
2549,05/11/23 09:14:57 AM,220.4,61.68
2550,05/11/23 09:19:57 AM,218.6,61.86
2551,05/11/23 09:24:57 AM,218.6,62.44
2552,05/11/23 09:29:57 AM,218.2,62.89
2553,05/11/23 09:34:57 AM,216.7,63.07
2554,05/11/23 09:39:57 AM,214.3,63.16
2555,05/11/23 09:44:57 AM,211.9,63.19
2556,05/11/23 09:49:57 AM,209.6,63.19
2557,05/11/23 09:54:57 AM,207.7,63.16
2558,05/11/23 09:59:57 AM,206.1,63.16
2559,05/11/23 10:04:57 AM,204.9,63.14
2560,05/11/23 10:09:57 AM,204,63.12
2561,05/11/23 10:14:57 AM,203.4,63.03
2562,05/11/23 10:19:57 AM,202.7,62.91
2563,05/11/23 10:24:57 AM,202.6,62.82
2564,05/11/23 10:29:57 AM,202.7,62.73
2565,05/11/23 10:34:57 AM,203.2,62.71
2566,05/11/23 10:39:57 AM,203.7,62.65
2567,05/11/23 10:44:57 AM,204.7,62.6
2568,05/11/23 10:49:57 AM,205.9,62.67
2569,05/11/23 10:54:57 AM,207.4,62.67
2570,05/11/23 10:59:57 AM,208.8,62.65
2571,05/11/23 11:04:57 AM,210.4,62.71
2572,05/11/23 11:09:57 AM,212.7,62.87
2573,05/11/23 11:14:57 AM,214.7,62.89
2574,05/11/23 11:19:57 AM,216.2,62.76
2575,05/11/23 11:24:57 AM,218,62.76
2576,05/11/23 11:29:57 AM,220.1,62.83
2577,05/11/23 11:34:57 AM,222,62.87
2578,05/11/23 11:39:57 AM,224,62.92
2579,05/11/23 11:44:57 AM,226.1,63.03
2580,05/11/23 11:49:57 AM,227.9,63.12
2581,05/11/23 11:54:57 AM,229.8,63.16
2582,05/11/23 11:59:57 AM,231.4,63.21
2583,05/11/23 12:04:57 PM,233.2,63.34
2584,05/11/23 12:09:57 PM,234.8,63.39
2585,05/11/23 12:14:57 PM,236.1,63.37
2586,05/11/23 12:19:57 PM,236.9,63.3
2587,05/11/23 12:24:57 PM,237.8,63.21
2588,05/11/23 12:29:57 PM,238.9,63.21
2589,05/11/23 12:34:57 PM,240,63.25
2590,05/11/23 12:39:57 PM,240.8,63.21
2591,05/11/23 12:44:57 PM,242,63.23
2592,05/11/23 12:49:57 PM,243.7,63.39
2593,05/11/23 12:54:57 PM,243.9,63.63
2594,05/11/23 12:59:57 PM,245,63.73
2595,05/11/23 01:04:57 PM,246,63.9
2596,05/11/23 01:09:57 PM,247.4,64.15
2597,05/11/23 01:14:57 PM,248.1,64.18
2598,05/11/23 01:19:57 PM,248.2,64.06
2599,05/11/23 01:24:57 PM,326.5,66.51
2600,05/11/23 01:25:33 PM,,
2601,05/11/23 01:26:01 PM,,
2602,05/11/23 01:28:28 PM,,
